bu,brand,channel,month,roas,rroi,iroas,mas,spend,ctr,cpc,picr,impression_share
Beverages,AquaPure,audio,2022-01-01,5.352245900138124,5.288160686984028,4.532169798619819,24321.05021677183,4599.151133329638,0.0034386930399786897,0.7015178665847525,0.0009783070019520185,0.515922306477547
Beverages,AquaPure,audio,2022-02-01,6.070247391985318,5.946742559104188,,21021.337274842077,3534.9331278280038,0.003227305318353095,0.6277629422532417,0.0009667613280463658,0.5011976754587437
Beverages,AquaPure,audio,2022-03-01,7.616150904706108,7.216625251976188,4.6634597429326154,33073.57064575153,4582.969115196154,0.0029264933129231835,0.6921868471826241,0.0011420552521027442,0.5017009074965656
Beverages,AquaPure,audio,2022-04-01,6.707137839913285,6.50320689473691,3.455055363074054,34220.1890425611,5262.048339605454,0.0031166526708497062,0.7326717264836333,0.0011566742086920776,0.5030404348925029
Beverages,AquaPure,audio,2022-05-01,7.249145475421266,7.045145484895227,3.846694449623283,37481.68137126387,5320.213961744934,0.0030505677853262443,0.733519090272292,0.0012630041761817466,0.5022259056559495
Beverages,AquaPure,audio,2022-06-01,6.384419283758225,6.481873367292221,,39749.43775606502,6132.399617160401,0.003204197616673648,0.7723425210529472,0.001297916758459767,0.4941445314292448
Beverages,AquaPure,audio,2022-07-01,7.490645691719394,7.3627805657266725,5.449904599675699,40437.40879415075,5492.138253092127,0.0029777747924218025,0.7794689544553118,0.0013593373702276965,0.4399215802804762
Beverages,AquaPure,audio,2022-08-01,7.548598895261499,7.594545354489587,5.29755735469305,34538.69415278598,4547.82907213374,0.0030110856760149764,0.6949616552771607,0.0012801411604041189,0.3747816101796871
Beverages,AquaPure,audio,2022-09-01,7.799765335750802,7.932367082531569,7.188675298359622,29060.406256918046,3663.5226225112597,0.003228806017738596,0.6859244752876352,0.0013195446518458208,0.3421397897917699
Beverages,AquaPure,audio,2022-10-01,8.24766218437957,8.342541559584204,4.384236498301015,28168.59194828838,3376.500044632959,0.003417173516698153,0.6336085653280088,0.0013610480221610869,0.36291435596931376
Beverages,AquaPure,audio,2022-11-01,6.8209837491918535,7.127636786803464,5.626403608928074,34576.91476601297,4851.10504368443,0.003550650064146176,0.628218731375865,0.0012867197849151747,0.37178640557562165
Beverages,AquaPure,audio,2022-12-01,8.073989430499164,8.261944626968742,4.598732756066349,37226.877283083966,4505.8250767703685,0.0032631967632335704,0.6225234977577188,0.0013265827520521146,0.3269764123877394
Beverages,AquaPure,audio,2023-01-01,6.252069372891988,6.206950185451175,5.7343469699566105,30041.401996410674,4839.961832918593,0.003544704862927778,0.766423093098748,0.001264494921243107,0.5204237095243176
Beverages,AquaPure,audio,2023-02-01,5.973665562627394,5.90631436131279,4.592733668061351,28079.410517425415,4754.134101183235,0.0033713570829569453,0.7573895334050079,0.0011996238591340804,0.5155873262934599
Beverages,AquaPure,audio,2023-03-01,5.076021574315933,5.226608600800064,4.2578506322221825,34385.81169987804,6578.991144394173,0.003567245704568187,0.7387974333963137,0.0011158822827079392,0.5409304067544812
Beverages,AquaPure,audio,2023-04-01,5.154866073789683,5.268400937228504,3.1679920013213225,34487.73333515,6546.148204371973,0.003556017360395233,0.7575683606494588,0.001056999819878798,0.5333589396250811
Beverages,AquaPure,audio,2023-05-01,6.523035668032096,6.5041139464084425,7.106478192316006,34691.576605693925,5333.789796971582,0.00325464958852009,0.6785992108106339,0.0011108853898307279,0.5279577333156829
Beverages,AquaPure,audio,2023-06-01,7.028715190746916,7.328628019633786,7.494864210811553,43010.93008476779,5868.892508876042,0.0032870377402440644,0.6269514484431195,0.001163354807283367,0.5219768349299547
Beverages,AquaPure,audio,2023-07-01,5.844119498233023,6.158854152990749,4.587758753939636,42463.10129518099,6894.643100869801,0.003454842008957326,0.6850117338171685,0.0011162599198451617,0.51990409603745
Beverages,AquaPure,audio,2023-08-01,5.30796808462829,5.379152300430852,4.6289068495448005,46820.25120305735,8704.020371259465,0.003617227699740001,0.759645694821039,0.0011450584381361853,0.5521713127022162
Beverages,AquaPure,audio,2023-09-01,6.500417130244354,6.516343307879455,4.112771271064692,32742.325331117656,5024.647073386415,0.0035604392150447558,0.6743587536419829,0.001203230332514109,0.49399102341999757
Beverages,AquaPure,audio,2023-10-01,5.950313637514554,5.904239810429969,3.101441507608433,32105.315110667896,5437.671256840407,0.0038837023273844487,0.7051836670782528,0.0012444983887607822,0.46240800574225854
Beverages,AquaPure,audio,2023-11-01,6.957031561175582,6.641778885463175,5.352175735781804,44119.32786835037,6642.697480476819,0.003980939354708395,0.6337242396944113,0.0013390431883850353,0.4704636359487065
Beverages,AquaPure,audio,2023-12-01,6.713704586865031,6.4459749416015955,3.898796842799903,53980.24608091265,8374.256271542452,0.0037719468528725395,0.7470344577647148,0.0013805588420349353,0.4866308599166085
Beverages,AquaPure,audio,2024-01-01,5.779867639594382,5.546919739397431,5.119731909361348,28181.332152697378,5080.53721284937,0.0038528780007509853,0.7331222529364171,0.001242300757538823,0.5103810611329748
Beverages,AquaPure,audio,2024-02-01,5.710400319186809,5.243243165614919,4.553597851465226,32525.74185616474,6203.363229359242,0.004160348234934679,0.7578015183678527,0.0013471673806988301,0.521565088299092
Beverages,AquaPure,audio,2024-03-01,5.248072989178639,4.983741718496335,3.688248873785472,36449.72481413526,7313.726688294886,0.00436595094608295,0.7394324828930225,0.001254708284917788,0.5120307163253718
Beverages,AquaPure,audio,2024-04-01,6.442153193840904,6.338923729576022,4.570770343920829,41736.90964386827,6584.22650664387,0.003813056840449913,0.710349175385033,0.0013089063425869153,0.5333382774693582
Beverages,AquaPure,audio,2024-05-01,6.957317980807505,6.818639315644324,5.862098742335186,39265.3099885232,5758.525736716262,0.003518586682503092,0.6663417885577716,0.0012732814512248956,0.5474067691176968
Beverages,AquaPure,audio,2024-06-01,6.267842569311946,6.1255584566192125,4.6949664551825405,43163.81253767573,7046.510590562299,0.003846408390216295,0.6695658105817464,0.0012153009711861733,0.5399667350261649
Beverages,AquaPure,audio,2024-07-01,5.826578694993176,5.808629503742585,3.7427864303873633,42106.37557172913,7248.9346315855355,0.0035118975792727118,0.6805233413054389,0.0010763944949883039,0.5503915045148134
Beverages,AquaPure,audio,2024-08-01,6.4233962116188374,6.564721908966693,3.3892246930851226,41596.767395369316,6336.409671604319,0.0032375657848561037,0.6810414522360617,0.00110477408828812,0.543643153638176
Beverages,AquaPure,audio,2024-09-01,6.241537873941401,6.009182857498171,5.097408351442556,32258.19756357584,5368.150433852172,0.003239330096476657,0.6567348218561502,0.001022562227033028,0.522907557477289
Beverages,AquaPure,audio,2024-10-01,7.051948094529253,6.829413608727157,5.197333785094431,33595.919026520336,4919.29775399587,0.0034356449864905653,0.6324630694260568,0.0011523849875939914,0.5341120802112741
Beverages,AquaPure,audio,2024-11-01,7.609562507547199,7.575582969208026,8.97493601252331,50960.81763598079,6726.982971887164,0.0034507198024249517,0.6262901938261953,0.001276624581287623,0.5298856486169653
Beverages,AquaPure,audio,2024-12-01,7.034609746703101,6.8710987951711475,4.710874672343172,56018.678786351884,8152.797748406782,0.0033424886132627854,0.6694693503372297,0.0011895672170463072,0.5249966786517851
Beverages,AquaPure,audio,2025-01-01,8.001011918574035,7.8984918599120055,6.143653303542303,36207.66093036435,4584.123345639268,0.003913709425782978,0.6053246197859855,0.0014527141997556117,0.5506629246126669
Beverages,AquaPure,audio,2025-02-01,6.797928903593178,6.779815896784653,,32194.49654153086,4748.579759636127,0.0038247789067314057,0.6595249666161288,0.0013741366056243525,0.49043780777887874
Beverages,AquaPure,audio,2025-03-01,6.53504021134824,6.441285646323008,5.288783280718003,36742.74951554215,5704.25712086168,0.0039404359451467785,0.7083393916381076,0.0014089813171201087,0.47154227994482
Beverages,AquaPure,audio,2025-04-01,5.530213384257842,5.643025644119595,3.4464105097581768,40488.36961178674,7174.939857659214,0.004592965294608144,0.71699209130201,0.0014654271645272421,0.4637802863451519
Beverages,AquaPure,audio,2025-05-01,6.44604261766278,6.47814335760947,4.778692523956034,40934.27676610157,6318.82848316696,0.00448563990446673,0.6304328527553587,0.0014297767758129675,0.4748819126356428
Beverages,AquaPure,audio,2025-06-01,7.194728994743077,6.915410785602593,5.678552968614297,42603.24354367994,6160.623694600608,0.0038705916794515953,0.6092388938489526,0.0013214953977212602,0.4842275913233783
Beverages,AquaPure,audio,2025-07-01,6.740450703116,6.5006929349330305,4.32541716344437,40271.78613683382,6194.998985481029,0.0036501760955371097,0.6733694549435901,0.001241556903857256,0.4657486390335176
Beverages,AquaPure,audio,2025-08-01,7.990593467892714,7.86943309685394,6.217419051781123,39188.86876206923,4979.884609189478,0.003572173116099885,0.579797951937301,0.0012970551805669833,0.463971964064562
Beverages,AquaPure,audio,2025-09-01,7.612813511959228,7.6246575517451065,5.373427910020122,34041.82618083517,4464.702309554058,0.0034078703527379312,0.602280090321605,0.0012677125229877701,0.4652537636652945
Beverages,AquaPure,audio,2025-10-01,8.982856386594614,9.076935580453895,,40603.031451467694,4473.209167519213,0.002883755395252436,0.6407691115197268,0.0012992922324871618,0.5311259513731368
Beverages,AquaPure,audio,2025-11-01,7.826751021250685,7.9260394516731125,6.903787453744466,53177.61320314595,6709.2289317233535,0.0028173301143675643,0.6871393826017363,0.0012296688258971432,0.5610913040051208
Beverages,AquaPure,audio,2025-12-01,8.477989778657895,8.622465270347263,,63713.76224938498,7389.2744420203335,0.002681005393398398,0.6804120112357581,0.0012132514840276967,0.5371836794781465
Beverages,AquaPure,display,2022-01-01,4.657059774143746,4.766774292105846,3.335552293700128,26741.689054480918,5610.017889617149,0.004156598245483847,0.5108375423071525,0.0007827984164927254,0.7083141505747715
Beverages,AquaPure,display,2022-02-01,4.971935350682381,5.1434294631382755,4.41765259554436,25595.070657671353,4976.265513332122,0.003978413907461826,0.4952000709853839,0.0007433890916558961,0.7034633764004862
Beverages,AquaPure,display,2022-03-01,4.162306802378717,4.393786428201919,2.772858628158993,29009.445439282063,6602.379499622989,0.003653755898878961,0.5452006192917415,0.0006660322271456697,0.7052140362061422
Beverages,AquaPure,display,2022-04-01,4.188193459577664,4.2970658680829565,,28270.513583560343,6579.027283138348,0.004037125589139309,0.5194242288913902,0.0007116877294241129,0.6949870014591772
Beverages,AquaPure,display,2022-05-01,5.1539927119287725,5.174880603028096,4.973819442892591,30652.931808042445,5923.4085111269615,0.003955875306324774,0.45850363891376744,0.0007253617651506954,0.6916350920248155
Beverages,AquaPure,display,2022-06-01,4.346376841972686,4.334855919818866,2.1177526225270196,33277.41391629545,7676.705877155421,,0.48348065733438855,0.0006850311361973364,0.7004904562233658
Beverages,AquaPure,display,2022-07-01,4.458718960789311,4.355359683501355,3.177348916128592,37290.57830512894,8561.997404345339,0.004516588308031375,0.4847419693339375,0.0007605633551409337,0.7194379544106768
Beverages,AquaPure,display,2022-08-01,4.39781590883597,4.322480721528848,,40437.40879415075,9355.139189573567,0.004404399863462844,0.5048645002468196,0.0007638135882019604,0.7113197897593615
Beverages,AquaPure,display,2022-09-01,4.192351790167804,4.109078335519273,2.5441606745276033,30308.946288999574,7376.093569939052,0.0045820563967049885,0.4861648806972747,0.0007341554625246824,0.7031641938534621
Beverages,AquaPure,display,2022-10-01,4.317115447951945,4.232052814288627,3.8167730139764964,29136.847483372017,6884.802426141196,0.004545197609362776,0.5011867530131175,0.0007413377031246428,0.7115974303729695
Beverages,AquaPure,display,2022-11-01,3.924412787373689,3.881799102511003,,37558.12259771784,9675.442135432197,0.004800133356466006,0.5687087600912359,0.0008285536437859059,0.6619976816010387
Beverages,AquaPure,display,2022-12-01,3.6905571900870973,3.7089763677696506,4.171168332108119,80110.4053237618,21599.060597933996,0.007789467974808702,,0.0013668680410073306,0.6953637445599254
Beverages,AquaPure,display,2023-01-01,4.413218474417582,4.214100783278278,3.7225543711881066,41418.404533643385,9828.527285819382,0.006864001872109984,0.5512972451099047,0.0012495718441346711,0.7039850045999625
Beverages,AquaPure,display,2023-02-01,5.888008235450427,5.770242603215217,6.593909706565131,19798.277651578537,3431.0996977053974,0.007366621417375445,0.4039914868368536,0.0013915019192001152,0.310569448422094
Beverages,AquaPure,display,2023-03-01,5.225723109844399,5.2357483266645355,4.605366022510873,26130.15924284915,4990.721022585041,0.008743784505789528,0.4051896584058652,0.0014127554181503205,0.3162726967462399
Beverages,AquaPure,display,2023-04-01,4.9579547155109065,4.9154363316609135,,27365.959070521683,5567.350937749771,0.008257037390168746,0.442872558885512,0.0013484160659293885,0.3319931660385043
Beverages,AquaPure,display,2023-05-01,5.777088468373496,5.712173811467465,,17530.521266777392,3068.975462823632,0.006523965027835147,0.39697005081149034,0.0012038205348480766,0.27026114579975413
Beverages,AquaPure,display,2023-06-01,4.7248035390366745,4.84416225490071,4.355775846915826,21989.59280992571,4539.40055118497,0.006005699483289367,0.446967364236409,0.00101830781672598,0.31747406517869453
Beverages,AquaPure,display,2023-07-01,4.678363018724951,4.633973988194699,4.088228931273619,43660.68050962654,9421.865686094592,0.004436869172546187,0.5266259955337651,0.0008392568085883606,0.6908330606078819
Beverages,AquaPure,display,2023-08-01,3.9241771792133844,3.9082357717007032,2.6618774837305614,42628.72395249793,10907.408468334976,0.0049422807530748614,0.5330828634150323,0.0007981863748115555,0.7057113621990287
Beverages,AquaPure,display,2023-09-01,3.828886357295581,3.9177236152872013,3.947881223621806,37035.77421694904,9453.391268448122,0.005159288542961512,0.5276213243538607,0.0008369981551196181,0.6980829585124432
Beverages,AquaPure,display,2023-10-01,3.8673011058423787,3.820074652057244,2.4621478203276372,37494.421575672866,9815.101795322456,0.005089558488079645,0.5665936497905938,0.00086436012907625,0.7239440505517651
Beverages,AquaPure,display,2023-11-01,3.4480163030309114,3.3728030448337503,,37596.343210944826,11146.913327338389,0.005006150743620545,0.5302498966481966,0.0007060196828375001,0.7480938142281385
Beverages,AquaPure,display,2023-12-01,3.8851759644753012,3.9416763858930937,2.9827524948811406,50298.327006713036,12760.643462950495,0.004846784760262247,0.547338228658767,0.0008116387450147273,0.7515162993356611
Beverages,AquaPure,display,2024-01-01,3.235620442979679,3.13772624038639,1.709223474616584,20881.195026343128,6654.881091146992,0.004998005145323021,0.5277463196785878,0.0006651265476301032,0.7333635264592275
Beverages,AquaPure,display,2024-02-01,3.669312135387255,3.5442063028123942,2.4089777025246004,19416.07151930868,5478.256585656896,0.004795054530334341,0.5221365407602837,0.0006933476757247312,0.6710356811273499
Beverages,AquaPure,display,2024-03-01,3.9560811734805066,3.8682271742122696,4.332210179212792,32869.72737520761,8497.362201045298,0.004837212927277437,0.5502760135374497,0.0007950268658487236,0.709232817099397
Beverages,AquaPure,display,2024-04-01,3.55132252086082,3.378940941236836,1.9346079683659019,34971.861102691815,10349.947427577892,0.005047309598238501,0.5927465453054174,0.0007929513591034729,0.746440763972289
Beverages,AquaPure,display,2024-05-01,3.5266677655707306,3.401517864784932,2.5844828258102654,33213.71289425048,9764.379966397879,0.004772260139903537,0.5741051250233936,0.000733271454817977,0.7548350425752082
Beverages,AquaPure,display,2024-06-01,3.706230402822602,3.6219306860256952,2.0016999521117107,36105.73929509239,9968.644467548003,0.004577864273386379,0.5457187533556689,0.0007133891408697955,0.718590486112901
Beverages,AquaPure,display,2024-07-01,4.190041669808182,4.189727099079184,2.3650043441842907,41316.482898371425,9861.378061461792,0.004285519502625578,0.5794675086062869,0.0008081329048744755,0.7375322335396014
Beverages,AquaPure,display,2024-08-01,3.683936521422433,3.635533592457322,,37316.058713946935,10264.259087405198,0.0041327862720714915,0.6091909957507982,0.0007200224575035608,0.7549532886156219
Beverages,AquaPure,display,2024-09-01,5.011022277208262,4.915081817253859,4.050421626509477,38144.172000531624,7760.638259699089,0.0038141953472200286,0.5521228130121719,0.0008176275416215625,0.7853814997585896
Beverages,AquaPure,display,2024-10-01,4.375669994277458,4.319420675283917,2.477234599982383,35494.20948346062,8217.35416662735,0.004341551118956882,0.5593080701488804,0.0008209531878681281,0.7385423295611053
Beverages,AquaPure,display,2024-11-01,3.063298128136929,3.092820820286294,2.7006584163782104,40118.90368392588,12971.622352248707,0.004994126810869178,0.6112922880418806,0.0007653732831773791,0.7258708860353054
Beverages,AquaPure,display,2024-12-01,3.2275863222921726,3.2380857074241267,2.007359172705943,47584.66346759706,14695.306970565121,0.005308177523683421,0.5556721988416063,0.0007601801453114663,0.7442747796530017
Beverages,AquaPure,display,2025-01-01,3.3151675831742597,3.3274755088448624,2.3019028005318187,22804.9658921014,6853.533807080725,0.004636281020788599,0.5954934231541164,0.0007347644210721793,0.7373632739551262
Beverages,AquaPure,display,2025-02-01,3.895110942959867,4.02722341567471,3.0832594757407032,24066.246128591927,5975.890494409021,0.004874478788725212,0.520910956625612,0.0008138689165412992,0.7007309724497885
Beverages,AquaPure,display,2025-03-01,3.671340783216809,3.884513446176121,1.8869756289529906,32589.442878209713,8389.581688870316,0.00522948113577028,0.5502447490568844,0.0008584938041824623,0.7188326572203843
Beverages,AquaPure,display,2025-04-01,3.2494253561075475,3.325193343585195,,31073.358553539285,9344.827606335894,0.004920815074431937,0.6007603732777816,0.0007630302293389356,0.7350868934275715
Beverages,AquaPure,display,2025-05-01,3.098215201814464,3.3462703543894707,,30831.294669768376,9213.629325952525,0.004880452105510668,0.5987541802672554,0.0007677717296897989,0.7322270471908857
Beverages,AquaPure,display,2025-06-01,3.69669109108445,3.8648135488096473,3.296497294031361,34971.861102691815,9048.783508188399,0.004248646180962279,0.5721646227118811,0.0007475196568173702,0.7339692138634706
Beverages,AquaPure,display,2025-07-01,4.150183120208749,4.319394834657183,2.4347572838209732,41787.870461504244,9674.473406833347,0.004490995024153639,0.5710012044403794,0.0008438535172911507,0.7220159922473963
Beverages,AquaPure,display,2025-08-01,4.215716672219174,4.1974085103497645,2.4308967017460237,35850.93520691249,8541.207061098057,0.004266607478782525,0.5503709685609934,0.000772251709964075,0.7617688248145765
Beverages,AquaPure,display,2025-09-01,4.426808032799592,4.464375510848726,3.36818732574651,33544.95820888435,7513.919500581413,0.004483405816508519,0.550147862101436,0.0008757048895215931,0.7225215411525868
Beverages,AquaPure,display,2025-10-01,4.8455666394137875,4.799656848306418,4.278446104838951,33175.49228102349,6912.055034253049,0.004118806242683128,0.5460190405445177,0.0008598106466060068,0.7055843821055026
Beverages,AquaPure,display,2025-11-01,4.01132180798217,4.022711943081567,,41978.97352763917,10435.490813563327,0.00448587087163361,0.5600843072973017,0.0007921771645422594,0.7109443791617264
Beverages,AquaPure,display,2025-12-01,3.42769072987163,3.425112351653519,1.837337533736535,50311.067211122034,14688.880844108278,0.0048627409279723205,0.6025713108302202,0.0007728221109623998,0.7381752569751642
Beverages,AquaPure,ooh,2022-11-01,1.6808551641527245,1.6009195561141016,0.7957122276295233,29353.430958324934,18335.35660565873,0.0016010750853193007,3.107687560281141,0.0006270033312767569,0.6200644707215479
Beverages,AquaPure,ooh,2022-12-01,1.375989165174686,1.3659165294925828,,33239.19330306847,24334.717814284246,0.0018017488453578548,3.309945295740512,0.0006304630893602628,0.59800643393974
Beverages,AquaPure,ooh,2023-11-01,1.4691210518461677,1.5042111294733125,0.926088592586284,35315.84662173469,23477.985190882246,0.0015797532549194305,3.5707962267501516,0.000652478223066537,0.721207116670424
Beverages,AquaPure,ooh,2023-12-01,1.4312794878373418,1.4383324197771745,0.6443365638052723,44170.28868598635,30709.374327270732,0.0017130944889223179,3.8386717909088417,0.0007194181317116683,0.7248007248891735
Beverages,AquaPure,ooh,2024-11-01,1.460059643164996,1.4835344469603584,0.9870677538827084,30308.946288999574,20430.227522589816,0.0017736102296091352,3.079624287396716,0.0006348437992705248,0.6663303137456453
Beverages,AquaPure,ooh,2024-12-01,1.3600128635869928,1.3541759717213921,0.9636143186389355,34169.22822492512,25232.487459875778,0.0018630707545554861,3.234934289727664,0.0006433615401878298,0.6463067045464268
Beverages,AquaPure,ooh,2025-11-01,1.5597554612729176,1.6075670754315097,1.357501562255727,37914.84832116971,23585.235664889722,0.0015884002634167233,3.5060555470328114,0.0007165941763212906,0.6924293879580546
Beverages,AquaPure,ooh,2025-12-01,1.9175958318819433,1.8530999777745412,1.0239520607899593,48374.556140954766,26104.666084476255,0.0016129133799776413,3.215256322758499,0.0007656154135777208,0.7044033726563294
Beverages,AquaPure,paid_search,2022-01-01,1.5407458134202294,1.501826226437138,,150996.90265541108,100542.1932293918,0.03966947545979542,1.1981718354652058,0.005562760433377414,0.5728882719810338
Beverages,AquaPure,paid_search,2022-02-01,1.3765611189974893,1.3638028529402186,,144614.0602465045,106037.36451696919,0.03727051931956459,1.3114833650819289,0.005261597532396684,0.5736905103592197
Beverages,AquaPure,paid_search,2022-03-01,1.4305023913508446,1.4238351073271132,1.1845967087440552,166361.5891726593,116840.48828165271,0.03626341099206816,1.272453397097162,0.005189382375840958,0.5564885620984703
Beverages,AquaPure,paid_search,2022-04-01,1.5027088901012808,1.5348804485387966,0.9589172572966439,170107.20926890388,110827.66050661837,0.03621140444639283,1.2295877305635872,0.0053397348195255295,0.5271573145955847
Beverages,AquaPure,paid_search,2022-05-01,1.3074138587948443,1.335798422734599,0.7640583771084613,197078.2220027467,147535.89961522428,0.0433461843699544,1.2843839470633875,0.005890786302511034,0.5404371340097177
Beverages,AquaPure,paid_search,2022-06-01,1.5300249896360485,1.5061872988806544,,203359.14277638134,135015.83961537236,0.04057364829690321,1.124850784098745,0.00543580054400088,0.5362513964369587
Beverages,AquaPure,paid_search,2022-07-01,1.4117368683111822,1.3792276154941647,,211016.00562618746,152995.7805772199,0.04294116642883676,1.2041412628659345,0.00563218514306944,0.5497687504357763
Beverages,AquaPure,paid_search,2022-08-01,1.5673525706569287,1.4859039496291393,0.9343892342529403,215118.3514458839,144772.7166345943,0.04010555403506083,1.1980331063255683,0.0055731423823593895,0.554063403185173
Beverages,AquaPure,paid_search,2022-09-01,1.4501895893721293,1.364920429796996,0.9215978512764603,190771.8208202941,139767.72319882963,0.04287073496003064,1.233389721133336,0.005591518044297043,0.5905154213735759
Beverages,AquaPure,paid_search,2022-10-01,1.5492138189963487,1.4745751899507802,1.5241936510371987,195320.07379430535,132458.53797446907,0.04329496876048727,1.2197705006259065,0.006085943499758231,0.5749836821341461
Beverages,AquaPure,paid_search,2022-11-01,1.6133847863207718,1.5040980170386025,0.7591572485033706,240980.96639614415,160216.2649417012,0.042210230462684725,1.2399871907443905,0.0062388173083067835,0.5481818324700645
Beverages,AquaPure,paid_search,2022-12-01,1.7152308614356118,1.6223715868212645,1.2347815637399917,315982.54975189886,194765.83066337343,0.04179623357656886,1.2510893109667673,0.006628045445995325,0.5563858293523458
Beverages,AquaPure,paid_search,2023-01-01,1.7267931864503805,1.635096356923451,1.0235598470723506,174872.04571786808,106949.07671796308,0.039984682786134304,1.2663289371739495,0.006340004264114585,0.5625859932593031
Beverages,AquaPure,paid_search,2023-02-01,1.4804437051380586,1.4377552892531857,1.0982431302524698,163507.78338504437,113724.34836944702,0.0415725735397491,1.2745508463743824,0.005956425187978843,0.5908866731972172
Beverages,AquaPure,paid_search,2023-03-01,1.457030632658236,1.4273191659274318,0.9204811126046312,201779.35742966592,141369.47239726537,0.04034121897564234,1.295375157121203,0.005878300154864091,0.5981166176842668
Beverages,AquaPure,paid_search,2023-04-01,1.500818503583336,1.5043828507620254,1.2964053949424963,213207.32078453462,141724.11010703642,0.037605008237841006,1.3428219107752024,0.005996642920666374,0.5926271276301798
Beverages,AquaPure,paid_search,2023-05-01,1.713365132867125,1.678090808368923,1.450515707655503,215029.17001502094,128139.173960452,0.03569501191017034,1.2761340672474604,0.006049658560643121,0.6126315975319997
Beverages,AquaPure,paid_search,2023-06-01,1.528917219669878,1.5493683637355595,1.0454200180646749,208276.86167825348,134426.9487832407,0.03809728533382986,1.1980691138671933,0.005626830587826665,0.5691319785168332
Beverages,AquaPure,paid_search,2023-07-01,1.4118738212162298,1.3989250061241,1.275269270807799,211805.89829954517,151406.18501514988,0.043191948898806426,1.2228617755417435,0.0057780623026683015,0.5525539703400885
Beverages,AquaPure,paid_search,2023-08-01,1.2973589245214168,1.295195815536711,1.0120714711991212,218150.52009522475,168430.53187662302,0.04293865201753438,1.3489226742639775,0.005926313853923702,0.5356674429355213
Beverages,AquaPure,paid_search,2023-09-01,1.498299598701343,1.457790958110816,1.3134417086051846,215194.79267233788,147617.04445691832,0.042074080839563585,1.419299128490566,0.0068528731821255046,0.5361270552158582
Beverages,AquaPure,paid_search,2023-10-01,1.7003511281165262,1.6425651471113392,1.0925042843810067,226571.79520957058,137937.78323375853,0.04252813853276749,1.3105478587937383,0.00722281224221423,0.5154003061233634
Beverages,AquaPure,paid_search,2023-11-01,1.5713421561936047,1.4763059190028236,1.2041761213602316,281622.21846083883,190761.42338510815,0.04538599301532289,1.2258786172345844,0.00647320520141108,0.544790305349558
Beverages,AquaPure,paid_search,2023-12-01,1.58910140219157,1.5012716801258497,0.8848884224987185,320543.54293031915,213514.6803698105,0.0445139726915898,1.1943073234801485,0.006191169963492966,0.5456273754764659
Beverages,AquaPure,paid_search,2024-01-01,1.311341356247616,1.308478546245385,0.7542348762446379,145747.93843890505,111387.33520478544,0.04236379927212308,1.278286570781811,0.005581348949030559,0.5195702753532293
Beverages,AquaPure,paid_search,2024-02-01,1.235437398135105,1.2355662309514701,1.3492223046536265,149608.2203748306,121084.74368033034,0.04477748633847466,1.2597509694368416,0.005501462962404991,0.5123318205923983
Beverages,AquaPure,paid_search,2024-03-01,1.2784843375524255,1.3136740209546092,0.7546438666099184,191943.91962592164,146112.29008429465,0.04464439804323878,1.246883395780023,0.005778211466360923,0.5359432798830855
Beverages,AquaPure,paid_search,2024-04-01,1.3129063154934002,1.352434534440852,0.8662864700896162,202136.0831531178,149460.9003286718,0.04733871245204046,1.2458293419856112,0.0062809469910287226,0.5624676537598841
Beverages,AquaPure,paid_search,2024-05-01,1.3137239669519971,1.2937291500977448,0.612359734693973,224138.4161674525,173249.87703223524,0.0456924351173617,1.283313410410477,0.005906019282328202,0.6043926752576549
Beverages,AquaPure,paid_search,2024-06-01,1.336519735879374,1.3044557192238642,0.7513769682451018,258957.39481723637,198517.5817016717,0.04108615424082765,1.3517839359758654,0.0056894923472258765,0.6511835171553402
Beverages,AquaPure,paid_search,2024-07-01,1.3803943910066105,1.3803350194169475,0.7831936464700842,218392.58397899568,158217.08564000973,0.03773111691809513,1.2249317583847645,0.005007261115663427,0.6283464729767714
Beverages,AquaPure,paid_search,2024-08-01,1.2153679429112418,1.2440849021819742,0.7490577484100739,220469.2372976619,177213.98026049955,0.043134395684026196,1.2465987159393037,0.005283535134813051,0.5835911542734299
Beverages,AquaPure,paid_search,2024-09-01,1.1352603511118986,1.1516792093842751,,157736.47078776953,136962.15882207383,0.04682924676419282,1.2229965337852273,0.005136819117265861,0.5301589489680775
Beverages,AquaPure,paid_search,2024-10-01,1.183499619080505,1.2289739450919723,0.9530486343749246,153863.448647435,125196.67260799443,0.044450032495734974,1.235265930696922,0.00523473728516356,0.5465550890312213
Beverages,AquaPure,paid_search,2024-11-01,1.2917444018523816,1.3446592789522105,0.7621443583860249,180197.45116082806,134009.74803166647,0.042391921773316486,1.1611221171752688,0.005172391610291187,0.5341891715989965
Beverages,AquaPure,paid_search,2024-12-01,1.1826678739198955,1.204917304569021,0.7318838444840109,223323.04308527682,185343.04573304788,0.04568792927400187,1.244589647614125,0.005415676462926559,0.5346218877756262
Beverages,AquaPure,paid_search,2025-01-01,1.287750172170283,1.269549600805181,1.1127014832588884,115451.73235431447,90939.12697943587,0.04137819702565036,1.2222015291701727,0.0049705551034217215,0.5307115981653431
Beverages,AquaPure,paid_search,2025-02-01,1.2823840966217632,1.253310896059477,,121363.18720008824,96834.06374401203,0.03911022301104575,1.2558564021478489,0.004786642572349316,0.5382111285007084
Beverages,AquaPure,paid_search,2025-03-01,1.3100450455370927,1.3606033682801622,1.2171708953727107,192198.72371410154,141259.92055792548,0.041499685159570726,1.328679790040309,0.005971296208027354,0.5687961999427774
Beverages,AquaPure,paid_search,2025-04-01,1.466024534807956,1.4917030511522371,0.7587525308737022,169750.483545452,113796.43114246601,0.04044551408542887,1.1515409795738356,0.005502264517285387,0.569311618361563
Beverages,AquaPure,paid_search,2025-05-01,1.3696991573374429,1.382901754783493,,153379.32087989317,110911.22008439872,0.04073869852093346,1.1634572909020207,0.00526652849933343,0.5629209745143678
Beverages,AquaPure,paid_search,2025-06-01,1.5126656265906966,1.507794973243339,1.5193724692380262,208671.80801493232,138395.3466604742,0.04053156040553371,1.274569879542412,0.006177207176091415,0.5400820822041793
Beverages,AquaPure,paid_search,2025-07-01,1.9396165890157153,1.8669078183887367,0.919517904840863,238929.79348629594,127981.56991624147,0.04165549407402919,1.180685356620553,0.007156514637048834,0.5116222227461402
Beverages,AquaPure,paid_search,2025-08-01,1.5211190697966401,1.554895756418853,1.3479275524349001,216914.7202675522,139504.34900352277,0.045073695745647735,1.1457698101409604,0.006314671701035869,
Beverages,AquaPure,paid_search,2025-09-01,1.5553024721860476,1.5994403237441812,1.138870024612568,193625.626607909,121058.362561877,0.04398743538047447,1.095759036213914,0.00605879724961217,0.532089455124207
Beverages,AquaPure,paid_search,2025-10-01,1.4738951779927663,1.4805067937956389,0.9283782069902541,209257.85741774613,141342.04469353548,0.044671410561669914,1.1803586345445363,0.006149889728837425,0.5797722189196066
Beverages,AquaPure,paid_search,2025-11-01,1.5815107236598887,1.6456242216159744,1.151456636321802,307064.40666560223,186594.48653719397,0.03834829313770879,1.3664820216416866,0.006712147444119795,0.5758756070274514
Beverages,AquaPure,paid_search,2025-12-01,1.7270205892284445,1.7127622992122937,1.3208847601513598,351387.5778044965,205158.4028712572,0.039265988875608775,1.1689338032309293,0.006092818013803996,0.591504659306196
Beverages,AquaPure,social,2022-01-01,2.227283669294406,2.192779794063468,1.8984367188872693,80632.75370453061,36771.933927350285,0.015227137793231102,,0.002351852604993682,0.6981660673430466
Beverages,AquaPure,social,2022-02-01,2.1540413829520384,2.2066514956243646,1.845352050400518,80339.7290031237,36407.98248496954,0.013278699290869545,1.0017880330454156,0.0023270717116852554,0.7323506721559807
Beverages,AquaPure,social,2022-03-01,2.357371569875637,2.3563270987331584,1.1665493086872567,97131.31841417939,41221.4919,0.01330049962454568,0.9338806502038967,0.002324627737965581,0.7348460510216093
Beverages,AquaPure,social,2022-04-01,3.050151431996483,2.912992352217577,1.8005548408667365,101271.88484710282,34765.585556723985,0.01188909308021858,0.8632908434537008,0.0023756340654172716,0.7225889579960599
Beverages,AquaPure,social,2022-05-01,2.8988369630095097,2.802092498932149,2.057540433387811,96010.1804261878,34263.74413506206,0.011398654034481332,0.8937513142672108,0.0022329862588510337,0.727567565112802
Beverages,AquaPure,social,2022-06-01,2.6115615884017864,2.5735973797298275,2.473739561954428,127898.91206190278,49696.550466386245,0.013542171025108928,0.87997433318081,0.002389099290731946,0.7740241706322676
Beverages,AquaPure,social,2022-07-01,2.335392650189251,2.3206541105420975,,123478.06113198145,53208.300440403575,0.014531799791763094,0.9369308054305965,0.0024841634715388116,0.807618964083818
Beverages,AquaPure,social,2022-08-01,2.438072238130277,2.3945987569169467,1.4495202449008042,120140.12757682471,50171.29789689923,0.013784397075506013,0.9636466252477572,0.0025056824247181443,0.7753003646135826
Beverages,AquaPure,social,2022-09-01,3.016766395857984,3.10256877715016,1.610988571986493,102163.69915573248,32928.7459824095,0.012624191527054435,0.8187971449773597,0.002544546908146901,0.7567428701143663
Beverages,AquaPure,social,2022-10-01,3.5364188833329515,3.587461802119549,1.9087215381203861,94812.60121174225,26428.881042224602,0.010610860492884054,0.8599792087148446,0.002532076437094115,0.7693910367798836
Beverages,AquaPure,social,2022-11-01,3.386560541144134,3.4491631987299844,2.8962887391817445,125210.7289316048,36301.769941679944,0.011387356754455326,0.8949919859392013,0.0027761802315158946,0.7257688484010172
Beverages,AquaPure,social,2022-12-01,2.5246656698649685,2.4503485631272244,1.4650503619398925,142957.83367333512,58341.83586146091,0.014444804160401345,0.9433099835315759,0.0026270057637295574,0.7292108357022097
Beverages,AquaPure,social,2023-01-01,2.360623338025204,2.324035617340763,0.9857507837242772,76071.76052611032,32732.613888746724,0.014722068506039151,0.9245717563129318,0.0024981307152548635,0.7217658642104567
Beverages,AquaPure,social,2023-02-01,2.6218071981154334,2.5011096128405788,1.6528206688708909,79193.11060631415,31663.190689340623,0.014045795529214996,0.8546531712734998,0.002349600647185305,0.7260919945662607
Beverages,AquaPure,social,2023-03-01,2.119691531837806,2.106621335762273,2.158857117340851,89270.61229382934,42376.20248991122,0.014488719727096233,0.9320210810018523,0.0022126227486681587,0.6979560551371713
Beverages,AquaPure,social,2023-04-01,2.2443334072978405,2.2059039764404442,,75523.93173652353,34237.18010536102,0.01303165584838421,0.9265061051974405,0.00209280402807643,0.6592691514611241
Beverages,AquaPure,social,2023-05-01,2.2755124568784892,2.2339488184608287,1.7127996259887337,71816.53225350592,32147.796610213696,0.013172894221565907,0.8949333725909943,0.0020665160526451153,0.6210824656670777
Beverages,AquaPure,social,2023-06-01,2.4116179216762976,2.4303780462201288,2.298057783151694,91385.48622572255,37601.346164170136,0.01360645150157626,0.8221748844223147,0.0021681050342321987,0.6220385171007898
Beverages,AquaPure,social,2023-07-01,2.46790971431845,2.470313523201789,1.6651723651348553,96061.14124382379,38886.2143778893,0.013728431010884458,0.8704439803440324,0.002292883680910975,0.6404286938657957
Beverages,AquaPure,social,2023-08-01,2.6107202814685384,2.5420579359893134,2.525145670545936,98354.37803744292,38690.84832606915,0.014562970485260165,0.8090257679422288,0.00233291557417428,0.656846249787553
Beverages,AquaPure,social,2023-09-01,2.2316061805761263,2.2091282210823886,1.2757561431263238,93092.6736165279,42140.0046987386,0.01472115650710829,0.878319327582196,0.002240468967132642,0.7276835609470422
Beverages,AquaPure,social,2023-10-01,2.3280788388579996,2.4049398391901327,2.1834021379419317,103756.22470685688,43142.96059139548,0.015102753717252912,0.8556546000951089,0.002422008244253402,0.7513050820103414
Beverages,AquaPure,social,2023-11-01,2.5630136426714465,2.618457278033097,,134906.02448685013,51521.186012317645,0.014182309447122413,0.8617744586822388,0.0025166871794951432,0.7108722634469393
Beverages,AquaPure,social,2023-12-01,2.4656638512311577,2.5533369387995046,1.6906993405920572,155277.61133683345,60813.600029551875,0.014950155271340604,0.8169039819132754,0.0024478105659397906,0.7199229193010342
Beverages,AquaPure,social,2024-01-01,2.1975266875431765,2.265779986002113,1.13387000552464,81116.88147207242,35800.86414974484,0.01607894751862013,0.8198420845869937,0.002331487260182808,0.7054453913759976
Beverages,AquaPure,social,2024-02-01,2.355734198962971,2.407348562562911,1.2902971318835508,78887.34570049826,32769.39074269877,0.014574149362792995,0.8911990955316501,0.002430144262965201,0.6993452326621512
Beverages,AquaPure,social,2024-03-01,2.326985142761405,2.4567551840278865,1.054140700088419,98711.10376089478,40179.46289587409,0.013667045534749818,0.9215050432520088,0.0024419837547560628,0.7080500552581432
Beverages,AquaPure,social,2024-04-01,1.9684731998868508,2.1192993726096123,1.6122185134505673,93283.77668266284,44016.32817349315,0.014992442875479574,0.8920299970309086,0.0022123463885435042,0.7254112193130315
Beverages,AquaPure,social,2024-05-01,1.9986877573252566,2.071756515693815,1.5303889398447081,91117.94193313365,43981.0089858069,0.014538682561325905,0.9646862096862735,0.0022632864332031793,0.7108422316912996
Beverages,AquaPure,social,2024-06-01,1.9595232717081046,2.030261222261795,1.39516805922982,109247.25280713382,53809.45644296346,0.015617605163174089,0.9506467226642309,0.0023442696428917394,0.7392214372855103
Beverages,AquaPure,social,2024-07-01,1.9611897264254876,2.1343222721539394,1.4653941608077765,103475.94020985899,48481.87247066113,0.014728694352684828,0.9037201049576142,0.002228387913159085,0.6981664987406327
Beverages,AquaPure,social,2024-08-01,2.0979503041136542,2.1736678167892385,1.9618353007338043,105004.76473893842,48307.641088435834,0.015785230639592408,0.856184486342842,0.0023111133616286637,0.7024556952700771
Beverages,AquaPure,social,2024-09-01,1.865725510738297,1.8968964467162124,,92965.27157243795,49009.1442436795,0.01533203797387063,0.9484294663405096,0.0021263094225390743,0.7751452115668449
Beverages,AquaPure,social,2024-10-01,2.1514608962473227,2.2110625763145757,,98532.74089916886,44563.52432295442,0.015146622588695278,0.9088105296819501,0.0024110509889078914,0.758338462377149
Beverages,AquaPure,social,2024-11-01,2.203881753850614,2.313890132794833,1.6286052590339108,149340.6760822417,64540.953766832696,0.016151341492063685,0.8873194353194755,0.0025833334628903326,0.7800575942151485
Beverages,AquaPure,social,2024-12-01,2.3692623182758292,2.39766973410367,2.4240983306652577,147557.04746498237,61541.85681463098,0.015145183575142373,0.8667256786794025,0.002477659055085571,0.7579826773282725
Beverages,AquaPure,social,2025-01-01,2.200962941234585,2.200383465522711,1.6339687304806167,75893.39766438439,34490.98707272624,0.013992203225478148,1.0369798584746772,0.0024983236337753002,0.7568317406874839
Beverages,AquaPure,social,2025-02-01,2.271821671380179,2.154427338834549,1.3366068530460913,66045.2196562311,30655.58000761292,0.013666990935151618,0.9084480666058059,0.0021094492245821617,0.7388853726932655
Beverages,AquaPure,social,2025-03-01,2.4632261829597355,2.357159100640681,1.5771007111216986,83117.09356428466,35261.55427594737,0.014231518780814781,0.771553854884849,0.002038524536637193,0.7241552031240452
Beverages,AquaPure,social,2025-04-01,2.4733262598905257,2.3825798308413404,1.7244182096758949,84123.56971259529,35307.76539936101,0.012860340521739247,0.8713018631236831,0.0021175478411479087,0.6981507325355611
Beverages,AquaPure,social,2025-05-01,1.8710437686792392,1.8326475559675341,1.1276759182448683,88824.70513951451,48467.969114017724,0.01386664876622694,1.0037893572334622,0.002056004825629905,0.713881876976774
Beverages,AquaPure,social,2025-06-01,2.3127601771267186,2.2405274227979795,1.4041905895432663,104405.97513171563,46598.838322332624,0.013507687931730735,0.9548159643130198,0.0022751561051392523,0.6895293845611045
Beverages,AquaPure,social,2025-07-01,2.6996029304024867,2.607792537340267,2.1186365192966665,204136.29524533005,78279.34635227242,0.024496645566754117,0.8623732687642932,0.004330964493097528,0.7146248093514558
Beverages,AquaPure,social,2025-08-01,2.9502110021092594,2.805927751771811,2.9342190439116407,161469.35067960512,57545.797669824125,0.01732795836350412,0.8478077327748266,0.003275320750108208,0.742258336979693
Beverages,AquaPure,social,2025-09-01,2.6285531246772,2.5731318960033436,2.32270544389666,126013.36180937149,48972.756509333536,0.016205810848784377,0.8830921182438968,0.002938202296268265,0.7408316183800232
Beverages,AquaPure,social,2025-10-01,3.0440691705666914,3.0317193091828907,,129389.51597775522,42678.593491766325,0.014929206648626852,0.8566902222442957,0.0030085708979013487,0.7222954349502138
Beverages,AquaPure,social,2025-11-01,3.198875256464657,3.225566167848568,2.8139885871693653,166285.1479462053,51552.2358845661,0.013518848224370992,0.8688481458281272,0.002969247805108681,0.7302142785019013
Beverages,AquaPure,social,2025-12-01,2.6619571837435076,2.628703819926937,1.8522514225707327,163622.44522472532,62244.53435354048,0.014144326794330251,0.8842809256079057,0.0025789277516473346,0.7147892654689414
Beverages,AquaPure,tv,2022-01-01,2.635614838778554,2.551071373092639,1.8670414946213418,32767.805739935648,12844.723234933077,0.002148111866860203,2.6637750383519445,0.0012145601639088467,0.6757781579400353
Beverages,AquaPure,tv,2022-02-01,2.6885970247380864,2.656346906989137,1.9471370581953533,36551.64644940722,13760.117834472552,0.002168152334204033,2.8150813900312097,0.0012757584577065043,0.6820274246201977
Beverages,AquaPure,tv,2022-03-01,2.414014797341833,2.4744145071348056,1.152994756066414,38437.19670193851,15533.855217510032,0.002127624143338313,2.7938588520701497,0.0011662157285895832,0.6808395108554085
Beverages,AquaPure,tv,2022-04-01,2.2997241635082424,2.313019979759185,0.8589459707635536,37991.28954762368,16424.972494867536,0.0020809758052635226,2.771211826365368,0.0010905982888990905,0.6737254468503597
Beverages,AquaPure,tv,2022-05-01,2.1138707838391917,2.09953608630129,,37290.57830512894,17761.341921406547,,2.9607171064188273,0.0010471512792580699,0.6465306558889425
Beverages,AquaPure,tv,2022-06-01,1.805455228764521,1.8621759461061929,1.0220731386320143,47520.96244555208,25519.0507346625,0.0024172370364769183,3.107531750445994,0.0011191647326218635,0.6527556107940485
Beverages,AquaPure,tv,2022-07-01,1.9077220521997214,1.935922370548409,0.9560228617844293,54311.49139554652,28054.58122794518,0.0026613503940662326,,0.0012353144569845057,0.6415313580193551
Beverages,AquaPure,tv,2022-08-01,1.959468488706819,1.945265365360578,1.069107108125279,49521.17453776433,25457.284861793134,0.0025080543006990386,2.9743293447590995,0.0011892305684451955,0.621296036565897
Beverages,AquaPure,tv,2022-09-01,1.771756825734597,1.748534245659131,1.429556387094024,38602.819359255445,22077.245244175156,0.0027300958048571476,2.7212184449864605,0.0010091126443575525,0.6533488134386226
Beverages,AquaPure,tv,2022-10-01,1.8209789185087075,1.7799672436822922,1.3140162877832193,36742.74951554215,20642.373979608128,0.0026060679894856693,2.615276064817956,0.0009498937412928706,0.6711046986209118
Beverages,AquaPure,tv,2022-11-01,1.5794371406961203,1.6068142258387614,,43864.523780170464,27299.06362216395,0.002772076432807647,2.8178224217758,0.0009745719688718075,0.6267534626425337
Beverages,AquaPure,tv,2022-12-01,1.6960572394086693,1.7020616233759607,1.2495945839945382,55610.99224526404,32672.72552386335,0.0026148560348318566,2.9211198501442426,0.0010105809148760296,0.6406284140483891
Beverages,AquaPure,tv,2023-01-01,1.8097858695084736,1.8265760235488204,1.0371748569327357,34334.850882242055,18797.38397941604,0.002544867996453648,2.9183952770402173,0.0010448183901280157,
Beverages,AquaPure,tv,2023-02-01,1.9053176634024183,1.9382318597561872,,35417.768257006646,18273.23603145286,0.0025330250777001605,2.756144197805861,0.0010994914987690503,0.7044957081943455
Beverages,AquaPure,tv,2023-03-01,1.6335205714755132,1.6192566416524279,1.2942923334723977,49674.056990672274,30677.074722374226,0.002929173322568466,3.0943186123032302,0.0011096197427144351,0.720634990978776
Beverages,AquaPure,tv,2023-04-01,1.86155684691522,1.7909050203096726,,52425.94114301524,29273.43468720081,0.0028525592293835553,3.008574993545818,0.0012149227673573372,0.705798438154699
Beverages,AquaPure,tv,2023-05-01,2.079044956038715,1.9493163507755424,1.3641406782434173,45444.30912688587,23312.94718212654,0.0025790382024109566,3.039497676939575,0.0011582294659907499,0.6734699506625724
Beverages,AquaPure,tv,2023-06-01,1.9681450862508407,1.8338468709436215,1.5027975253815042,50260.10639348605,27406.926494153944,0.0026418683969897548,2.96195033979833,0.0011078664196185627,0.6463319499581381
Beverages,AquaPure,tv,2023-07-01,2.217668120929874,2.1219678680657115,1.2454842835703057,54222.30996468356,25552.842142755973,0.0024916741505840866,2.8310261625034316,0.001172407305135707,0.6653463238822664
Beverages,AquaPure,tv,2023-08-01,2.3644757568974923,2.2793287619334412,2.022606384285892,51113.700088888734,22424.891460383944,0.002375685969055229,2.499152062898021,0.0010682457665012026,0.678595523026955
Beverages,AquaPure,tv,2023-09-01,2.3319301430062116,2.2384447244943555,,47393.560401462135,21172.539970656595,0.0025010198363009913,2.668247003233345,0.0011401853704547252,0.7105105093732416
Beverages,AquaPure,tv,2023-10-01,2.676469673498614,2.5987440167860423,1.7610245151095478,45762.814237110746,17609.58907130346,0.0024565239658324873,2.304920035510924,0.0011661199343766522,0.7264473134732145
Beverages,AquaPure,tv,2023-11-01,2.714618990576697,2.655086713696268,2.4551891175212477,58388.356806424985,21991.129896145605,0.0024631276158885176,2.2271753996501524,0.0011648451958437937,0.705184492163901
Beverages,AquaPure,tv,2023-12-01,2.9238648148060227,2.829489384827063,1.5064573667143977,74237.17109121502,26236.949850141373,0.0024294393528268773,2.3901748975258608,0.0012899084166756516,0.662827363894427
Beverages,AquaPure,tv,2024-01-01,2.542208185267516,2.491558000456456,1.5106543099339382,35647.09193636856,14307.149153195702,0.002453849254938824,2.5233067289586777,0.0012108729712837134,0.6590357397158797
Beverages,AquaPure,tv,2024-02-01,2.600430951762015,2.6093356612944993,1.513522031159962,41889.79209677621,16053.815045012092,0.0024824025843330033,2.636960421322617,0.001354062266602077,0.6703350388952289
Beverages,AquaPure,tv,2024-03-01,2.984369826790919,3.0196006563325333,2.170350178762535,47546.44285437008,15745.937382368229,0.0021619189161457947,2.5376208513083367,0.001281351166684026,0.666918859059944
Beverages,AquaPure,tv,2024-04-01,2.317167898157497,2.30136189575773,2.025343514957565,43444.09703467362,18877.55989823127,0.002327329275780867,2.8137665670340244,0.0011578174126098335,0.6550540354240665
Beverages,AquaPure,tv,2024-05-01,2.469943015689226,2.4587984834567145,1.3335097743606956,45775.554441519744,18617.041920884036,0.00219819907863847,2.7325762396718094,0.0011752138441077841,0.6686618978706239
Beverages,AquaPure,tv,2024-06-01,2.485638783280777,2.3276232602068005,3.025807544116031,55942.23755989791,24034.060200501543,0.002048193660244644,3.071445393035341,0.0011033901064664748,0.6580844145591738
Beverages,AquaPure,tv,2024-07-01,2.6846228733163957,2.259320385757698,1.3167191931539477,46871.21202069333,20745.712877270544,0.0021493401406659962,2.804232613851114,0.0010802399142331898,0.6480241000993352
Beverages,AquaPure,tv,2024-08-01,2.812575087127643,2.2653374404382016,1.6697617354189793,55509.07060999207,24503.665378547103,0.002235525029021365,2.910865452428974,0.0011485140528980124,0.6655954511310411
Beverages,AquaPure,tv,2024-09-01,2.522843864080969,2.189075447224224,1.4941572881654368,47342.59958382615,21626.75555283267,0.0021799409148942845,3.0868906013178234,0.0012043917986389867,0.6587079215390723
Beverages,AquaPure,tv,2024-10-01,2.3680062291662476,2.0297707882314087,1.3816882372350412,46883.95222510232,23098.15103110904,0.0023626508472712744,3.0879881057632406,0.001155290052270666,0.6708115947503365
Beverages,AquaPure,tv,2024-11-01,2.767442461432846,2.429875248295064,1.644786374505628,91461.92745217652,37640.58567054062,0.0031265274571117443,3.014864691272777,0.001787199842526153,0.6794257563749451
Beverages,AquaPure,tv,2024-12-01,3.5313579923514444,2.7991744673188923,,114228.67273105093,40807.986091864266,0.0033078434367171837,2.7515330113858987,0.0019857861999674916,0.6487730391190927
Beverages,AquaPure,tv,2025-01-01,3.7410059167516794,3.101697456681986,1.9718039094329864,51916.33296665543,16738.038990492798,0.002678613655963385,2.6576752922344866,0.0017024023959358971,0.6457396252242151
Beverages,AquaPure,tv,2025-02-01,3.6827776518134727,3.1489667350561725,1.6533582158573712,60796.25543972508,19306.73155829338,0.0028354293499314575,2.518816902582307,0.001719129560333553,0.6930150160817341
Beverages,AquaPure,tv,2025-03-01,3.266990591592913,2.9737259017690154,1.7165504972877244,63713.76224938498,21425.566563307944,0.002801096685896331,2.520358377050693,0.0016875660839701942,0.6570247855283299
Beverages,AquaPure,tv,2025-04-01,3.258972873573621,2.887485826580613,2.7670243274448167,49826.93944358022,17256.16762683325,0.00238491884950984,2.424300031867554,0.0012953418504756426,0.6091342027478045
Beverages,AquaPure,tv,2025-05-01,2.993779190963135,2.5477128016269384,2.2256584444273426,40526.59022501372,15907.04815673648,0.0023499213998420623,2.4021516394950893,0.0011655190414743824,0.5845444084985181
Beverages,AquaPure,tv,2025-06-01,2.1917219688172653,2.2550816075533415,1.083279349405952,46794.77079423936,20750.810364246423,0.0023628914721326496,2.6220382062479684,0.0011122646736886931,0.6170879817968088
Beverages,AquaPure,tv,2025-07-01,2.546921439139515,2.614752709701053,2.1777597850260295,50094.48373616912,19158.40207386054,0.0020906991806194817,2.730673043594718,0.0011491807520292892,0.6382876853750417
Beverages,AquaPure,tv,2025-08-01,2.771167588112884,2.7787651716546407,1.2951962791148453,49814.19923917122,17926.73945510441,0.0019042076166667816,2.6925111828033055,0.0011230814872343058,0.648255865573414
Beverages,AquaPure,tv,2025-09-01,2.5028919018654148,2.4880351360269954,1.6970215894972118,48170.71287041084,19360.94558026699,0.002062365475273681,2.7662445464019134,0.0011355127793055593,0.6889127320911331
Beverages,AquaPure,tv,2025-10-01,2.981648953623173,2.948955060717825,1.5873256800218913,47775.76653373199,16200.91373047325,0.0021352177305379656,2.620658966430484,0.0012921588461224768,0.6155883096648389
Beverages,AquaPure,tv,2025-11-01,2.5481487504518068,2.5066645263364333,2.012157399648275,59573.19581646154,23765.922879009897,0.0021994449941713243,2.7323433983685788,0.0012451547137562154,0.646680195636413
Beverages,AquaPure,tv,2025-12-01,2.6538410808867723,2.589608746954728,1.9972657720835594,76797.95217742305,29656.198940374386,0.0022520214039268315,2.6545111833489425,0.001256924205368834,0.6967998638836354
Beverages,BrewCo,digital_video,2022-01-01,6.771275069638184,6.957833297963727,,31106.019789045953,4470.647464081873,0.00698454335293917,0.6618278999381011,0.001499930178859757,0.5814490010040804
Beverages,BrewCo,digital_video,2022-02-01,6.349248182178461,6.818656790097108,,32879.88649799358,4822.047436930071,0.007746116811854615,0.6360701011647634,0.0014710313076876844,0.5758647205005522
Beverages,BrewCo,digital_video,2022-03-01,5.9352356176821175,6.153471015737912,4.783345670140366,39954.235872963305,6492.959139772933,0.00794380284689279,0.6507275145092135,0.0015375857777544725,0.5933022912075602
Beverages,BrewCo,digital_video,2022-04-01,5.805256999815575,5.8711191880728455,,39489.65173490559,6726.0858568718295,0.00740198585433345,0.6716682501369912,0.0013647631577822447,0.6269874649695163
Beverages,BrewCo,digital_video,2022-05-01,6.000861800924695,6.0727811936027045,4.548587181539934,38666.07076289419,6367.110806433546,0.007158138644205473,0.6656676222094664,0.0013498961991026607,0.6423452068155688
Beverages,BrewCo,digital_video,2022-06-01,6.553324889369996,6.78305200911643,4.678523234943491,46838.52810054577,6905.229097107723,0.007357352247430314,0.6378964523887042,0.0015053173462841914,0.6386836705019252
Beverages,BrewCo,digital_video,2022-07-01,5.57909879043549,5.692879654909037,6.852786716450935,39510.769195726396,6940.383705750006,0.007582255517118259,0.6451969606535285,0.0013530220753877906,0.5954075101541899
Beverages,BrewCo,digital_video,2022-08-01,6.992629958571472,7.332719176250023,3.917880301071305,42889.562927055216,5849.066614465533,0.0071318876773547105,0.6031831096695404,0.0015200688521021806,0.56736293084406
Beverages,BrewCo,digital_video,2022-09-01,7.381433809766179,7.799203004181312,3.311917944763195,42762.85816213038,5482.977958030371,0.006992885635109125,0.6411339988342343,0.0016653227996303865,0.5917122040626844
Beverages,BrewCo,digital_video,2022-10-01,6.521491596500071,6.878717776228615,,40629.994619229066,5906.6232895377225,0.007010979625182883,0.698264959160388,0.00158449761699097,0.5645597523485179
Beverages,BrewCo,digital_video,2022-11-01,6.6684855048325975,6.766709108099282,3.4207518978296685,50893.08057814036,7521.097739701101,0.007125823308113718,0.6634701605240915,0.0015935805644348281,0.5725306628775819
Beverages,BrewCo,digital_video,2022-12-01,8.081823337323842,8.227466165657772,5.083627758451458,70722.37628887637,8595.887830457244,0.00692086794960497,0.6170773747636212,0.0016765728462648183,0.5898300816266052
Beverages,BrewCo,digital_video,2023-01-01,8.362328197529761,8.547962484618386,4.893045484305276,33809.05477410901,3955.2179639237593,0.006792934648075651,0.5810515592660143,0.001582740232631686,
Beverages,BrewCo,digital_video,2023-02-01,8.335404413910032,8.089113404996208,4.672807649591944,34991.632580074096,4325.7685766232,0.007320274975459855,0.5974818475998895,0.0016461085243606448,0.5565548809196738
Beverages,BrewCo,digital_video,2023-03-01,7.244430224646622,7.0483031424408615,4.09241005486123,40651.11208004987,5767.503363365866,0.007593725890431183,0.5905092007132042,0.0015438954676860641,0.5703345807337622
Beverages,BrewCo,digital_video,2023-04-01,6.891448638453774,6.718020272247092,5.900439829086716,38623.83584125258,5749.288373066102,0.007473485265629876,0.6241085945577619,0.0014954923329099862,0.5929665787242839
Beverages,BrewCo,digital_video,2023-05-01,6.1901680451995835,6.138898656589434,4.510578863287464,43776.49628152903,7131.001622667246,0.007900725413785678,0.6425483530967062,0.0014340499598799305,0.6204397140666815
Beverages,BrewCo,digital_video,2023-06-01,6.423507121242875,6.4764036797466,5.69264301557134,50703.023430753114,7828.885588048606,0.007321427849387946,0.6622302138427175,0.0015005265206352503,0.6279004653655512
Beverages,BrewCo,digital_video,2023-07-01,6.336864219232584,6.7067742022326104,4.883298617117303,56109.093400879225,8366.032866023897,0.00776275893914706,0.6582244583811092,0.0016197108779664091,0.6205474539355559
Beverages,BrewCo,digital_video,2023-08-01,6.88815702223433,6.984297056828294,6.161892052989726,50090.617066949766,7171.890980492874,0.007609855754184021,0.6195482878794812,0.0015721207330914786,0.5970122875300622
Beverages,BrewCo,digital_video,2023-09-01,6.054248773880606,6.046550208856133,4.15266248424471,37715.78502595796,6237.570800407347,0.008621028050102038,0.5698493331269273,0.001439883915015421,0.5742859994101779
Beverages,BrewCo,digital_video,2023-10-01,5.845543329049252,5.864644714716006,5.783032925238816,35646.273865519055,6078.16425367981,0.007461551442740343,0.6682238625417557,0.0013714990294960369,0.572325695612026
Beverages,BrewCo,digital_video,2023-11-01,6.8543529023393885,6.890497519092386,5.458430887806207,54715.340986706084,7940.6952596817955,0.006912678512362665,0.6626633780924472,0.0014647095088977948,0.5921168956113992
Beverages,BrewCo,digital_video,2023-12-01,7.535754315036639,7.436308465989691,4.52722134529091,71820.48425155824,9658.082982979073,0.007006947889918331,0.6729433516568474,0.001660367474101429,0.603304022481574
Beverages,BrewCo,digital_video,2024-01-01,8.349624691568613,8.579132464850854,6.95991129978193,36385.38499424724,4241.149690055495,0.0070594460900331715,0.5816167978682796,0.0016523925161311685,0.5548353468057574
Beverages,BrewCo,digital_video,2024-02-01,6.91068992202632,7.130574306636259,5.21595556079452,36195.32784685999,5076.074701749317,0.007725633825720191,0.6248245570838646,0.0015744676984145514,0.5533961833575174
Beverages,BrewCo,digital_video,2024-03-01,7.949193842863342,8.332046453015533,5.57563325841692,48760.21703523904,5852.129763101807,0.007092867509559681,0.5803381359680491,0.0016312647144823905,0.597990106136735
Beverages,BrewCo,digital_video,2024-04-01,8.13330510479953,8.04863507953311,5.852181527225508,50597.43612664909,6286.461695264755,0.00732193175074419,0.5917783766605248,0.0015744696898046487,0.6012328809562075
Beverages,BrewCo,digital_video,2024-05-01,7.002074100152572,6.8193091990121095,5.586264806197344,41791.45496437335,6128.40006879693,0.007575649353844071,0.6248368748773379,0.0015246202959943189,0.5691116243777113
Beverages,BrewCo,digital_video,2024-06-01,5.7136083932565604,5.907347766508874,2.887187700854482,50724.140891573916,8586.618377057372,0.00755422570501283,0.6975319558941813,0.0014381555216857835,0.6345437021282554
Beverages,BrewCo,digital_video,2024-07-01,6.831548765320004,7.235494843075994,4.761705593595406,51780.01393261417,7156.388755105679,0.006862349261754115,0.6750036554523372,0.001602510327345307,0.622518419692432
Beverages,BrewCo,digital_video,2024-08-01,6.259981465615771,6.516101243614411,5.314879706688658,44219.96295876594,6786.260879862818,0.007376761118129109,0.578884319701682,0.0013414842403197975,0.6241564788202317
Beverages,BrewCo,digital_video,2024-09-01,5.741696782560535,5.958091045381409,4.486950123892536,44114.37565466191,7404.112377379409,0.007638502607295118,0.6969232282924895,0.00148277707773544,0.6255687365482542
Beverages,BrewCo,digital_video,2024-10-01,5.927165191522327,6.2641839717234005,3.4647905343120216,37884.7247125244,6047.830792252669,0.007552317413761434,0.6607484750631125,0.0014570566571630319,0.6089373231224162
Beverages,BrewCo,digital_video,2024-11-01,6.352209659939711,6.293265981346271,2.806898487229164,48211.163053898104,7660.754081712061,0.00733542760479784,0.6624084809089547,0.0014453147778570787,0.5898916960708595
Beverages,BrewCo,digital_video,2024-12-01,7.21881604860665,7.124675634619435,7.1907582742345015,67153.5254101603,9425.485292811834,0.007203306123146053,0.686438372501044,0.0016336155173599669,0.6426941948513629
Beverages,BrewCo,digital_video,2025-01-01,6.359724362429888,6.2386109987536935,4.383091050489977,34020.22938231706,5453.173693489366,0.006993349529560398,0.7254454827044521,0.0015317697696778626,0.6514286424746576
Beverages,BrewCo,digital_video,2025-02-01,5.685771048752915,5.703782399690145,,31190.489632329176,5468.387018765579,0.007149737401672925,0.7038727016045282,0.001468744046343716,0.6529591568051052
Beverages,BrewCo,digital_video,2025-03-01,7.856274922647255,7.744644690530026,7.137068553040519,44916.83916585251,5799.728839823444,0.008602356373006737,0.6309539642975897,0.001943878858537489,0.5160505296532749
Beverages,BrewCo,digital_video,2025-04-01,9.787686014034051,9.780879562634624,6.822851243217916,46416.17888412967,4745.6037656828885,0.008298454912740649,0.5588322851722667,0.0020827546361299873,0.48202325733775925
Beverages,BrewCo,digital_video,2025-05-01,8.678668754684097,8.731119508141738,4.148609748236943,48211.163053898104,5521.7619010874105,0.007624132759588676,0.6057884696749765,0.001973984096961362,0.48856763671693965
Beverages,BrewCo,digital_video,2025-06-01,9.039468396740727,8.949748320498323,6.426553955217038,42256.03910243106,4721.477921971134,0.007546974035468454,0.5623484899917978,0.0018163560546911265,0.40069455131177
Beverages,BrewCo,digital_video,2025-07-01,9.082616378405355,9.369527837274267,7.324231124579954,50893.08057814036,5431.765768993745,0.008082030310528081,0.5142256715889184,0.00182069914468443,0.47193309608276346
Beverages,BrewCo,digital_video,2025-08-01,8.04025750772689,7.909708269256801,6.310803082931422,50745.258352394725,6415.566367931641,0.006470371996797964,0.6395739575248371,0.0015270975627303606,0.5699324742680284
Beverages,BrewCo,digital_video,2025-09-01,8.19276531509567,8.072594069908346,4.63466731152313,38349.308850582114,4750.55583353735,0.006636638722695578,0.6118696333767838,0.0015360463440609268,0.5344945680842281
Beverages,BrewCo,digital_video,2025-10-01,7.99902177800053,7.699665632335734,5.6101049554453155,39764.17872557606,5164.40331624029,0.0068609039247634045,0.6284258111755038,0.0015769290034737924,0.5654301175735793
Beverages,BrewCo,digital_video,2025-11-01,8.731051348226346,8.72447332601139,6.376274909962661,52603.59490462558,6029.429277729779,0.006547502788557169,0.5744501979544377,0.0015371086543843667,0.5597469546630042
Beverages,BrewCo,digital_video,2025-12-01,6.961059719061885,7.107156270496611,6.179689080591622,53511.6457199202,7529.262574689537,0.0071956779435100844,0.609508829813773,0.001474131243080208,0.5290565198266945
Beverages,BrewCo,paid_search,2022-01-01,3.086040729976617,3.0344098780981623,1.8777186687826888,139882.06047701318,46098.60437334367,0.034241551352978246,1.2126105948375334,0.006055400367434972,0.6349349844007535
Beverages,BrewCo,paid_search,2022-02-01,2.3514929236781765,2.4317388123841193,1.6670123803191899,151919.0131448721,62473.40889210385,0.03565964371768688,1.4591477027234345,0.006066018035711365,0.6626255230428005
Beverages,BrewCo,paid_search,2022-03-01,2.249058646042692,2.3736218106489564,1.5154556955000626,206697.7065140406,87081.14560909294,0.04055441519689509,1.371421415328172,0.006206072734258557,0.6827375368008177
Beverages,BrewCo,paid_search,2022-04-01,2.381527517017266,2.3558915812873953,1.4343825149747973,201861.80798607622,85683.82755362931,0.03958589721658065,1.2948653139338286,0.005617900653719005,0.7041062709922568
Beverages,BrewCo,paid_search,2022-05-01,2.0760633737831387,2.1115398501712415,,210203.20501029424,99549.72196866055,0.042502967545451104,1.4249684655052255,0.0059461350873677024,0.7072156242734691
Beverages,BrewCo,paid_search,2022-06-01,2.2677162227057917,2.2609217743836205,,273259.94302121835,120862.18378595398,0.04213145742736742,1.4682173469788746,0.006664660064327319,0.7143592423038536
Beverages,BrewCo,paid_search,2022-07-01,2.1941323928670906,2.2246263769126546,1.5005143311230833,255183.39655860918,114708.42888806961,0.042173274837126844,1.4480096554832187,0.0064234722084955094,0.7103806006821087
Beverages,BrewCo,paid_search,2022-08-01,2.3831284030196596,2.4001538217574705,1.9591182702682834,245532.71696350124,102298.74216299779,0.037910191433477,1.4314723799814983,0.006216482962050633,0.6962302457322979
Beverages,BrewCo,paid_search,2022-09-01,2.317193723281262,2.3621879742473655,2.01939546798589,208091.45892821375,88092.67560280224,0.04053651582765614,1.376706188704167,0.0062147866193977535,0.6826773147523766
Beverages,BrewCo,paid_search,2022-10-01,2.7776406250422343,2.776471663496636,2.124243221732877,210836.7288349184,75936.92801078135,0.03922245549865557,1.3145837100455526,0.006831324225474118,0.6657827713061003
Beverages,BrewCo,paid_search,2022-11-01,2.3972248065312196,2.389121276057957,2.0166065350954274,224161.84661284645,93826.06436066436,0.04121276829890444,1.3231151461743877,0.006136813893679579,0.6306745053326239
Beverages,BrewCo,paid_search,2022-12-01,2.646998413591807,2.6683866597491734,1.9674614196982898,260314.93953806482,97555.17948906784,0.0385241719670912,1.2498421540096323,0.006125084824503575,0.6142144097162247
Beverages,BrewCo,paid_search,2023-01-01,2.3800894008468085,2.451556883310704,2.352546584586081,148033.40035384396,60383.42465622593,0.039130021897682964,1.2617733336723906,0.00575803604162708,0.62017452964576
Beverages,BrewCo,paid_search,2023-02-01,2.2187092498535312,2.2475771220330327,1.9744936302343874,144654.60662251513,64360.24161505464,0.03993921413964102,1.3359953837143406,0.00561000463338868,0.6370005823541527
Beverages,BrewCo,paid_search,2023-03-01,2.1092633152286697,2.188023842818827,1.97767588911164,191345.31249731526,87451.20082914885,0.03926371458631618,1.4144500109846645,0.005692056701855144,0.677612924533115
Beverages,BrewCo,paid_search,2023-04-01,2.625001880618564,2.661333881585415,1.5969760740187013,193858.29033499106,72842.52895751112,0.04015086465664065,1.2269455264112774,0.006246041998472303,0.6673271862064265
Beverages,BrewCo,paid_search,2023-05-01,3.0140188932073264,2.867749335218418,2.1344660824933364,212990.70983864053,74271.03450881575,0.03913450379486856,1.2693733465871773,0.006768726055015496,0.6865043387622943
Beverages,BrewCo,paid_search,2023-06-01,2.913355156514485,2.7382844131365256,1.3790672383879663,260695.0538328393,95203.7898554994,0.03756531883945399,1.3195807151440726,,0.7008459581130938
Beverages,BrewCo,paid_search,2023-07-01,2.6585609357936493,2.512973535667749,2.383565497453098,229525.68166133095,91336.29081387888,0.04189827738774992,1.2541714609326184,0.006233703722631794,0.677736216824265
Beverages,BrewCo,paid_search,2023-08-01,2.5946459683759033,2.5051963609025094,1.5995732625022883,255035.57433286353,101802.62845383733,0.04339333818450649,1.3499705408207998,0.007008627583575898,0.6831557399250702
Beverages,BrewCo,paid_search,2023-09-01,2.6092327748808097,2.665177721728199,1.728337018773878,182032.5122753402,68300.32788856709,0.04006810423660453,1.252780276391113,0.006465699899349685,0.6659386524818012
Beverages,BrewCo,paid_search,2023-10-01,2.3888191971633574,2.4982153452057734,1.3492167185161845,176182.9756279772,70523.53431664048,0.04106286119328552,1.2271792008881548,0.006061337561990399,0.6934862887859548
Beverages,BrewCo,paid_search,2023-11-01,2.2223415876289763,2.2206054565231574,1.582635750114143,196497.97293759172,88488.46712520116,0.038596472685588266,1.3100668757894909,0.0053670596044636835,0.6944115259122112
Beverages,BrewCo,paid_search,2023-12-01,2.5096265032782585,2.5543186289665507,1.7080437446288774,260547.23160709368,102002.63532216739,0.035943872280169854,1.3864705086606959,0.006052272371259236,0.6498246782554679
Beverages,BrewCo,paid_search,2024-01-01,2.206939000146882,2.268913037709408,2.3124657576573915,164948.48647130886,72699.34269399474,0.039487020052334294,1.459855472880876,0.006344321395617357,0.6542955571184413
Beverages,BrewCo,paid_search,2024-02-01,2.823768385870793,2.885904433915532,2.4498556156742786,191450.8998014193,66339.99988061382,0.03528948867912463,1.4560698817105378,0.0070536730921686025,0.6939838077338973
Beverages,BrewCo,paid_search,2024-03-01,2.189799920248039,2.2767906904119233,1.4763604295732273,182898.3281689932,80331.63915296172,0.03880773251594662,1.4483041710770872,0.006150211464567966,0.6745182923222494
Beverages,BrewCo,paid_search,2024-04-01,2.3833501708351696,2.5162134460676255,1.3160198606074687,216306.15118750694,85964.94527344384,0.03829393569215731,1.4630587891390616,0.006583570174252259,0.6774275271124539
Beverages,BrewCo,paid_search,2024-05-01,2.388103053360793,2.4759306790164333,1.169616795786409,203171.09055696614,82058.47291236608,0.03805773064108364,1.440860966661974,0.0063677838369293254,0.6817473667473858
Beverages,BrewCo,paid_search,2024-06-01,2.283226893447621,2.386770443674569,1.4481693277333776,243209.79627321265,101899.11514857596,0.03937933568484982,1.4676102538969922,0.0064912912201001306,0.6453999068132327
Beverages,BrewCo,paid_search,2024-07-01,1.9939379428679658,2.08809482592648,1.1627288346611013,208471.57322298823,99838.1733600102,0.040645444472511234,1.41006402689128,0.005692105526834735,0.6600591910322584
Beverages,BrewCo,paid_search,2024-08-01,2.294211043439859,2.407658901927154,1.8921929660111472,209337.38911664125,86946.44783323836,0.038126508841590516,1.4472983409611047,0.006289353405795776,0.622464199253083
Beverages,BrewCo,paid_search,2024-09-01,2.547231481277013,2.5958225283443266,,185854.77268390593,71597.64223267153,0.04015526059968719,1.3119368606419086,0.006433292758980979,0.6170350651670046
Beverages,BrewCo,paid_search,2024-10-01,2.266393187173371,2.30666600432687,1.6909295798143271,190585.08390776627,82623.6150141653,0.040039037843531,1.4420234046139466,0.006231021775293202,0.6556020374743392
Beverages,BrewCo,paid_search,2024-11-01,2.7092144989509177,2.7516438723720955,1.6541651110931226,246567.47254372068,89607.33437178537,0.03671208653216616,1.3386216667431337,0.006344698222035699,0.6628813972268268
Beverages,BrewCo,paid_search,2024-12-01,2.53024905779255,2.521206954369557,1.8973678267859821,262975.73960148625,104305.49509064198,0.0371284701904958,1.342862413299714,0.005913028396467642,0.6512522683384572
Beverages,BrewCo,paid_search,2025-01-01,2.1814162526261707,2.1833967040216553,,133483.4698483092,61135.69265834401,0.04108200061831622,1.3194279196793786,0.005699124884204438,0.6622735839661661
Beverages,BrewCo,paid_search,2025-02-01,1.9661382624257402,1.9798651020222862,1.4447026311170512,133040.0031710723,67196.49891054787,0.044352959336911656,1.3686198808617025,0.005601660182080996,0.6569039467654758
Beverages,BrewCo,paid_search,2025-03-01,1.8352383543623576,1.8238960069335208,,144696.84154415675,79333.93186568383,0.04420155795721103,1.2905492145443338,0.005040391360706621,0.6552117526931605
Beverages,BrewCo,paid_search,2025-04-01,2.2730802370232843,2.230093452115787,1.527455420220822,161949.8070347545,72620.18857600144,0.03957374199503831,1.371978397838723,0.005648433942985054,0.6700520601143343
Beverages,BrewCo,paid_search,2025-05-01,2.3567909177442976,2.335361015004482,1.8767537625611337,177809.02011117918,76137.70160963226,0.04055671752924432,1.3666792606288325,0.006161873970279895,0.6454497631522516
Beverages,BrewCo,paid_search,2025-06-01,2.467664870580147,2.4485605315120145,1.2032016479642644,207647.99225097682,84804.108200973,0.04205099742923587,1.2161607922010726,0.005817184296880252,0.6484533386402312
Beverages,BrewCo,paid_search,2025-07-01,2.1797431079780223,2.207897770727969,1.040137264931114,212610.59554386602,96295.48902246768,0.04272513061676285,1.3274629385101897,0.005969291937190438,
Beverages,BrewCo,paid_search,2025-08-01,2.275709625355644,2.3410495887564924,1.809966085141202,198588.60155885143,84828.87441283838,0.04330398482434866,1.2142696022450383,0.005848197275020918,0.6057736915129628
Beverages,BrewCo,paid_search,2025-09-01,2.5521551499148774,2.553704757171115,2.2945042508135187,176098.50578469396,68958.05213589701,0.042679024792690805,1.1776226947401167,0.0059823078338034335,0.5988913059416789
Beverages,BrewCo,paid_search,2025-10-01,2.437982127430177,2.414442816763936,1.6720209862818456,184017.55359249588,76215.32898390759,0.04123838300363273,1.2063968751409964,0.0057269042433586385,0.6559939618467969
Beverages,BrewCo,paid_search,2025-11-01,2.489099445977407,2.4481733321587553,2.7174889196369207,239176.3612564389,97695.84453627614,0.039029455355688907,1.2173633621127964,0.005469196449854379,0.6638281275832636
Beverages,BrewCo,paid_search,2025-12-01,2.9143381669972523,2.8648648872564833,1.5572961633890203,298263.0166330516,104110.67480347425,0.0345318499029358,1.270556556589183,0.005995366323683217,0.6266521043172223
Beverages,BrewCo,social,2022-01-01,3.9219834849951565,3.7893975823231774,2.307164790861069,63605.79199226505,16785.198863527552,0.012219643449457137,0.9870162803438522,0.0021089938493414734,0.7713770287836264
Beverages,BrewCo,social,2022-02-01,3.1545225035096993,3.0597130117548947,2.323106577875108,60353.703025861054,19725.282336608838,0.012969020299350592,0.994117646235704,0.001875492585842295,0.8142426775150973
Beverages,BrewCo,social,2022-03-01,3.3174943887332664,3.233463409758297,2.5868645788174303,74671.34146236694,23093.300278894654,0.01447111202731701,0.9035291004692928,0.002009405629184105,0.7880652118661583
Beverages,BrewCo,social,2022-04-01,3.237248343551482,3.135187537011067,1.986267782361424,81175.51939517491,25891.75876622795,0.014349175908345382,0.9847021665105329,0.002086090435091782,0.807619018827609
Beverages,BrewCo,social,2022-05-01,3.714238144247245,3.5025549723888756,,86771.64651268827,24773.814314613515,0.0144716488317521,0.8768870987757863,0.0020879201200452247,0.8282628981048138
Beverages,BrewCo,social,2022-06-01,3.8046307366274923,3.647142188776791,2.9126559516461867,95852.15466563447,26281.441661527915,0.014107342730441215,0.9085122255782603,0.0022142149936141696,0.8040487216020621
Beverages,BrewCo,social,2022-07-01,4.373801553805869,4.265081285765619,3.1033687243667654,96274.50388205057,22572.72427687588,0.013020737900841682,0.9093105171155286,0.0023212222091292985,0.7840411307095565
Beverages,BrewCo,social,2022-08-01,4.938099951316202,4.698634783747444,,98196.19281674385,20898.87751148568,0.01275098231149941,0.8281046682048453,0.002380442142117753,0.767599337746684
Beverages,BrewCo,social,2022-09-01,5.195088478715551,4.923389340344329,,83561.79246792589,16972.412029896826,0.011988089908522704,0.8381438039455223,0.00232729865375484,0.7590390466805292
Beverages,BrewCo,social,2022-10-01,5.122371905905651,4.9801740243517765,,73678.82080378909,14794.426950447616,0.01143783172637022,0.7975432318300602,0.0021801470742015775,0.7857150211145275
Beverages,BrewCo,social,2022-11-01,4.581233561694209,4.497236177970527,3.180411190999867,104827.07551447666,23309.221790033294,0.012448125830252147,0.8833265798860578,0.002337879689441316,0.7849535998492438
Beverages,BrewCo,social,2022-12-01,4.909754038282393,4.8296080873283795,3.3350426878286705,123157.03150693551,25500.419346668554,0.011863464441396063,0.8662121453401459,0.002346746471246491,0.7845829746097208
Beverages,BrewCo,social,2023-01-01,4.585325509144698,4.499673401520701,,64366.02058181403,14304.598320416104,0.012657877091150098,0.9601690374826221,0.0024780702487461875,0.7448279424114551
Beverages,BrewCo,social,2023-02-01,4.603624814971339,4.690659676421135,2.8313732338853947,62803.32848107445,13389.018349971606,0.011854378647939394,0.940636388223381,0.002549341066662869,0.7235683094119157
Beverages,BrewCo,social,2023-03-01,3.7252072623289214,3.9098552966319793,2.6003064449426754,80119.64635413466,20491.716515225304,0.012633109199335848,0.9568861319274016,0.002278579554572905,0.8001021813053104
Beverages,BrewCo,social,2023-04-01,3.8337977105268637,4.039521839875909,,75537.15735601995,18699.52938745354,0.012500208719096215,0.9123947005344493,0.0021007982947065192,0.7824312161861191
Beverages,BrewCo,social,2023-05-01,3.04830059256204,3.2260468355058705,1.5832802534168233,73721.0557254307,22851.824379626727,0.013956673193778378,0.9606046651656954,0.00208253579459725,0.7536076534874239
Beverages,BrewCo,social,2023-06-01,3.069371327614193,3.23258831925183,2.894995124452528,85082.24964702385,26320.162434638696,0.014021853169222031,0.9407113347381499,0.0020275534816013223,0.7989386542468612
Beverages,BrewCo,social,2023-07-01,3.8503078011026077,3.922277975807879,3.0907355802471224,87552.99256305805,22321.975419150294,0.018078037573942503,0.8902438948372934,0.0029413850458087963,0.5803390032200223
Beverages,BrewCo,social,2023-08-01,4.270732893254229,4.339197402535167,,77817.84312466689,17933.695083612,0.01653748602279584,0.8823900356038181,0.0030222609658313816,0.5482820018302607
Beverages,BrewCo,social,2023-09-01,4.725803103904792,4.753269340374312,5.005428692737472,77860.07804630851,16380.321094991254,0.015894378072413506,0.8703215076239973,0.003122603338522677,0.5993278889974
Beverages,BrewCo,social,2023-10-01,4.786549534717688,4.943085453172116,3.9329162844676837,73066.41443998575,14781.539816006416,0.015561528699898389,0.8812698870808094,0.003277043339205925,0.5370109519937629
Beverages,BrewCo,social,2023-11-01,5.546326099327555,5.724403747487864,3.4446361443095426,91839.8371096815,16043.563864618234,0.015400636521864722,0.7738924250937357,0.0032420659413937404,0.5169613001439245
Beverages,BrewCo,social,2023-12-01,5.182096193546453,5.21774493994645,5.101568645986706,130252.49834272603,24963.370161221952,0.012687470412561234,0.8311703456489962,0.0026134371865983697,0.7225515799013188
Beverages,BrewCo,social,2024-01-01,5.272510209107215,5.2248449771568755,4.976654295483383,75642.74466012396,14477.509857390129,0.012342472875056519,0.8558977154827153,0.002591404673771583,0.7346342909817122
Beverages,BrewCo,social,2024-02-01,5.39940386407863,5.457190221193484,,73446.52873476024,13458.671176519396,0.011719633813572316,0.8324264705912541,0.002519506655000382,0.7536396265339718
Beverages,BrewCo,social,2024-03-01,5.621169718975391,5.63919985885011,3.8186641226699916,101004.81510591092,17911.196204084674,0.011153596590831014,0.906299458790906,0.0026752467795641125,0.8111392555688464
Beverages,BrewCo,social,2024-04-01,5.772605866250059,5.507942852965804,3.601696575344079,98724.12933726398,17923.956724442964,0.010031682837301787,0.9726479663795835,0.002580753369186157,0.7972677214087618
Beverages,BrewCo,social,2024-05-01,5.991477042515281,5.8122727446587525,2.880197154383739,87700.81478880369,15088.90216299592,0.010347180071890725,0.8700283781926956,0.0024591903358965697,0.717960732523669
Beverages,BrewCo,social,2024-06-01,4.342186360642055,4.323863815277572,3.3431812212833925,89094.56720297683,20605.31298145369,0.011922967853353514,0.9135180431571951,0.002303694652130428,0.7314742937170338
Beverages,BrewCo,social,2024-07-01,5.207247350008251,5.21354029431728,,103433.32310030352,19839.363898854885,0.01113518148506272,0.893826090234947,0.002423517486825692,0.8225526878689512
Beverages,BrewCo,social,2024-08-01,5.816530525245768,5.8088809201343174,4.782931649316102,106579.82476260349,18347.73792542111,0.0108106555292827,0.8624894432106948,0.0025779598037507937,0.8273510807778085
Beverages,BrewCo,social,2024-09-01,4.40647894596094,4.417922992467019,,91713.13234475667,20759.332496545623,0.013171285651826547,0.9083059504067216,0.002493752405842436,0.7817566012906333
Beverages,BrewCo,social,2024-10-01,4.732063346708731,4.743440795465498,,102208.51037269682,21547.335527072093,0.012729697224336934,0.9131774676670662,0.0026337716712876505,0.7928391066483972
Beverages,BrewCo,social,2024-11-01,3.8232567395376647,3.959736194288785,2.2456788536191703,103792.3199342572,26211.92797741404,0.013222142950767759,0.893050593758783,0.0022548622739420212,0.7613242072828071
Beverages,BrewCo,social,2024-12-01,3.6349619379648943,3.8036519944378084,3.957407038262354,112999.53285212824,29708.168101963787,0.013803760453233107,0.9049918695574919,0.002283041428817682,0.7230708538810349
Beverages,BrewCo,social,2025-01-01,3.7560506279519235,3.881146669788191,,59213.36014153758,15256.666438933904,0.014198262764653686,0.8914728549102433,0.002303559658303456,0.7274076616779193
Beverages,BrewCo,social,2025-02-01,4.237806250839354,4.345212976482758,2.669928969417112,61789.690361675806,14220.175327675563,0.01267614029915842,0.8635034811559122,0.002218423065821759,0.7430027199173853
Beverages,BrewCo,social,2025-03-01,4.900848899265836,5.047088073894484,,122565.74260395297,24284.44695425685,0.02040529728799066,0.8505340065234257,0.004179539327693462,0.6961072245545569
Beverages,BrewCo,social,2025-04-01,4.943667766214446,5.059371982581234,3.6615258671601896,135489.6286262857,26779.930215204386,0.02053406221759596,0.8873402987145257,0.004427567468059299,0.6866235249871949
Beverages,BrewCo,social,2025-05-01,4.274751331024437,4.180983198641317,3.0373824290588587,83012.73848658496,19854.836659846274,0.015495694717073396,0.8798562731474906,0.002670210160597446,0.6353004242370801
Beverages,BrewCo,social,2025-06-01,5.40557307580865,4.742363571602841,3.481918701418933,98914.18648465122,20857.571333616637,0.014477677816606959,0.8639179610494403,0.002861327896205392,0.6209816831464401
Beverages,BrewCo,social,2025-07-01,5.00925604321294,4.474854173643591,3.684645231447402,92198.8339436352,20603.76279671333,0.01597195626190457,0.8761593296782331,0.0029638550670787875,0.5524129111917893
Beverages,BrewCo,social,2025-08-01,5.073838516051261,4.188161280508844,2.7930483168174103,84681.01789142856,20219.139670079796,0.014665301429590251,0.9557165659897805,0.002789310671754509,0.5367214684580834
Beverages,BrewCo,social,2025-09-01,6.233970758623197,5.382873151229416,4.436192338709483,86602.70682612184,16088.565417214466,0.013253018202280304,0.8916790676281364,0.0029693041425722664,0.5921766624009137
Beverages,BrewCo,social,2025-10-01,5.510838806737259,4.6980065142805625,2.8575757639994395,65992.06506501602,14046.82280972142,0.014256802417934335,0.8260407415302217,,0.550912422900907
Beverages,BrewCo,social,2025-11-01,4.084299032171863,3.6418701748783464,3.089858524766751,86307.06237463056,23698.555475694182,0.015092199328906646,0.8773343504995624,0.0023139751976230384,
Beverages,BrewCo,social,2025-12-01,4.150322971926264,4.030782649408277,3.3088450772541065,133842.4666822629,33205.08157439625,0.014109145657674047,0.892417801934967,0.0024187492855407603,0.7283967149767839
Beverages,BrewCo,tv,2022-01-01,4.336278057242634,4.41864979682239,2.8975059231885427,35223.924649102955,7971.6488675870505,0.002354951773741734,2.6076705487690712,0.0013206802286963209,0.7575710906418696
Beverages,BrewCo,tv,2022-02-01,3.852658525318129,3.9592246948363847,3.1914887074110845,33260.00079276808,8400.634810180318,0.002455321284465706,2.3432733082790285,0.0011487763186849172,0.747949658332657
Beverages,BrewCo,tv,2022-03-01,4.021942438218567,4.162028895086861,3.1536720479404323,37525.72787857071,9016.210320612767,0.0024139897865013897,2.4708715594992507,0.0011265114116948969,0.7346245856191732
Beverages,BrewCo,tv,2022-04-01,4.826388905648559,5.086465352103344,4.336279885228325,42467.21371063911,8349.061827989875,0.0020988004303893245,2.4074572745068847,0.0012057191193586565,0.7649519942630801
Beverages,BrewCo,tv,2022-05-01,5.4624936793191905,5.857536628300894,3.5942568201816605,44895.721705031705,7664.607932303223,0.0020141346076140605,2.423974678147762,0.0013071921185381858,0.7335198197566543
Beverages,BrewCo,tv,2022-06-01,3.9989062644816635,4.201780407377052,1.6524738550629159,47619.874150915566,11333.261030802445,0.0021668861886636847,2.9292481340921284,0.001279548476335364,0.7400561351023952
Beverages,BrewCo,tv,2022-07-01,4.038164424756924,4.228008007037547,2.959390877854053,44283.31534122836,10473.801200829914,0.002192434655411111,2.702916438923849,0.0012233909286970379,0.6938434368982175
Beverages,BrewCo,tv,2022-08-01,4.863743169872133,4.883006040246154,3.507624912334691,52941.474277758454,10841.984187897842,0.0018406604379932493,3.015012288069478,0.0012621394465772344,0.7359407228539611
Beverages,BrewCo,tv,2022-09-01,4.616228019663742,4.597299111516289,2.6625205183056826,46226.121736742425,10055.060724882016,0.002146130909532302,2.826837426168686,0.0012953243085261064,0.740975941625625
Beverages,BrewCo,tv,2022-10-01,4.29305672200268,4.255923669483501,2.2948590500554507,41305.75336549483,9705.47325875976,0.0021946082904691295,2.8428451255886817,0.0012288457276625926,0.7144682882365798
Beverages,BrewCo,tv,2022-11-01,4.3949672970676925,4.445065004118758,2.842121866446977,56615.91246057855,12736.801915859214,0.0020964512435525844,2.8712357790485155,0.0012350913938353547,0.7748268255953853
Beverages,BrewCo,tv,2022-12-01,4.072624341029467,4.114115092117631,2.866772966692307,63795.849139652295,15506.578622917203,0.002278764905879929,2.8091627940067396,0.0013000945551115484,0.741909589419799
Beverages,BrewCo,tv,2023-01-01,5.224012336525741,5.215277381254935,3.9617530312742084,40292.11524609618,7725.785667875794,0.002170355537886823,2.6313983882410743,0.0013932342761229142,0.7839612438263841
Beverages,BrewCo,tv,2023-02-01,4.850905700316639,4.767866064692574,2.304424960200555,41052.343835645166,8610.213306881591,0.0020984089658072844,3.0750761810291394,0.001371497306127723,0.7661349643766757
Beverages,BrewCo,tv,2023-03-01,4.129801419652993,4.092233935396031,2.0928181275225297,48443.455122926964,11837.899760302631,0.0021936673077164338,2.922938212420403,0.0013073024646715196,0.8239649105854646
Beverages,BrewCo,tv,2023-04-01,4.032605911532583,3.912989669286966,3.4956809085851974,49689.38531135447,12698.57308884973,0.0024486059209096757,2.709896092370834,0.001258535866235535,0.8358684375982333
Beverages,BrewCo,tv,2023-05-01,3.652093847905492,3.580301637274874,2.483221908408773,45993.829667713566,12846.356069239324,0.0025929540610499257,2.980593055507964,0.0012706676641289695,0.7906192751797196
Beverages,BrewCo,tv,2023-06-01,3.489662057874705,3.384376967790395,2.4275704062025505,46817.41063972497,13833.39122245927,0.0025153059792045467,3.0013866831111455,0.0012303079460009446,0.7639496580935146
Beverages,BrewCo,tv,2023-07-01,3.495240070846035,3.4638805766858707,1.8678293533025656,45803.772520326325,13223.253950674563,0.002478764883444693,3.0114447621668328,0.001225958886198984,0.7925165806221448
Beverages,BrewCo,tv,2023-08-01,3.1239100383271006,3.2386851625139172,2.3326419827078126,47134.172552037046,14553.490131609698,0.002499665104209389,3.019396292865083,0.0011337104179558132,0.7849203313804011
Beverages,BrewCo,tv,2023-09-01,3.7870598308700205,3.852228623692035,,42467.21371063911,11024.063693794445,,2.9003061546420534,0.001242549747023447,0.7827875215045503
Beverages,BrewCo,tv,2023-10-01,3.7926706346570667,3.771775755753225,2.398073838809003,43818.73120317064,11617.533501649019,0.0023214379716557814,2.721371164593352,0.0011385946347497273,0.8248606599249272
Beverages,BrewCo,tv,2023-11-01,4.184256811593593,4.115456046301785,2.2441514165418326,41918.15972929818,10185.544264764174,0.0022488342202122255,2.6924515635115447,0.0011516923288304244,0.6457699623097392
Beverages,BrewCo,tv,2023-12-01,4.818831764062462,4.722069491707136,,44135.49311548272,9346.642016385646,0.0023679633480909804,2.2874796907453856,0.0012100868860375812,0.5080741081115955
Beverages,BrewCo,tv,2024-01-01,5.325672620618962,5.297213983733299,5.629452719852265,21814.3370278917,4118.077369515227,0.0023883815815355105,2.2903656115212607,0.0014062782079025914,0.4186335442916518
Beverages,BrewCo,tv,2024-02-01,5.543590496492701,5.62744035026131,3.9573909900971223,24221.727561463482,4304.217557870471,0.002469457886458654,2.084366856111608,0.0013270378228583115,0.44813057470839585
Beverages,BrewCo,tv,2024-03-01,4.918030563816693,4.903842761502153,4.369036516419616,22511.213234978266,4590.5250901810305,0.002466022153902866,2.129186034406786,0.0012566941965619998,0.37147927566609057
Beverages,BrewCo,tv,2024-04-01,5.53379753998231,5.470326761031493,3.863548067316991,23947.200570793015,4377.654501625693,0.0019962006367415337,2.2518798876675374,0.001219888850822465,0.4209883006878253
Beverages,BrewCo,tv,2024-05-01,5.852669888005012,5.883532612609371,4.116309725280713,26882.52762488493,4569.113387299202,0.0021673120807854567,2.2190934372507054,0.0013670282584078125,0.42182292076872474
Beverages,BrewCo,tv,2024-06-01,3.4022289221760356,3.329372156473172,2.117423044827013,41664.75019944852,12514.296462304861,0.0021726064351069827,2.998154399210556,0.001033825762755393,0.7302923150768803
Beverages,BrewCo,tv,2024-07-01,2.893428978060394,2.9106121223463495,2.7598863032235075,46754.05825726256,16063.307748327668,0.0022537773596970068,3.227508086865113,0.0010127761789859243,0.7619820927288736
Beverages,BrewCo,tv,2024-08-01,3.5899058497588707,3.652511851435179,2.8435966482821917,56172.44578334164,15379.127588941248,0.0022321196343182,3.1893669823602755,0.0012667477210852541,0.7688261030194621
Beverages,BrewCo,tv,2024-09-01,3.2921723496798494,3.208226166394121,1.9727975032726446,51230.95995127324,15968.624808285935,0.002454758043144196,3.327490062155852,0.0012784056002558845,0.7796902871284264
Beverages,BrewCo,tv,2024-10-01,3.209320387476436,3.0953800645231286,2.0627875627103784,48527.92496621019,15677.533599960803,0.0024189203342011877,3.3838837901922734,0.0011643523678487977,0.815823633193807
Beverages,BrewCo,tv,2024-11-01,3.443686304744936,3.39024097016168,3.0305679837746586,57038.261676994654,16824.250010250602,0.0024127614032517604,3.0819289265892293,0.001166489726842102,0.772185527868076
Beverages,BrewCo,tv,2024-12-01,3.940075140290193,3.8749808288098087,1.598308269406703,60564.87763406911,15629.723167603766,0.002491087269896691,2.6145405098032395,0.0012031522360337365,0.7119199815565448
Beverages,BrewCo,tv,2025-01-01,4.668549096670308,4.602058293964266,3.7936762553116714,34400.34367709155,7474.990858374959,0.0024494835081067838,2.580252281109755,0.001295284062810094,0.670291025246548
Beverages,BrewCo,tv,2025-02-01,5.333607361402405,5.63331873066535,4.674217388824193,33809.05477410901,6001.62291369511,0.002251409653773414,2.5398319567055054,0.0014433405363668281,0.6072870645418544
Beverages,BrewCo,tv,2025-03-01,5.492536985656739,5.8137340947738805,3.6478796033719414,35139.45480581973,6044.21430925221,0.001913681167023935,2.5940833945288455,0.0014095241186829668,0.5354932365874865
Beverages,BrewCo,tv,2025-04-01,5.223655034044797,5.424752758564915,4.110174123438986,37715.78502595796,6952.535295992999,0.001960242659721595,2.6566814275861668,0.00131634233461362,0.6027214662375933
Beverages,BrewCo,tv,2025-05-01,4.763254075432798,4.9218650867245,4.231630879066917,36554.324680813676,7426.9253701020425,,2.829304902896016,0.0013575416494883206,0.5738189757861909
Beverages,BrewCo,tv,2025-06-01,4.375571840098,4.443618370007254,2.557398251557021,38264.83900729889,8611.189310398955,0.0021361889847613764,2.80312152031216,0.001270399948332277,0.5964309778222646
Beverages,BrewCo,tv,2025-07-01,3.2159662211219975,3.1659557945225782,2.6889831241040802,49224.80117329676,15548.164399029389,0.002278304013104583,3.228439451625704,0.0011103343589201364,0.7992462715123766
Beverages,BrewCo,tv,2025-08-01,3.212326524740598,3.202918841786347,2.5023298091097925,42340.50894571428,13219.351172226374,0.0022821586128542455,2.9278740137821426,0.0010082330155371114,0.7969716394325431
Beverages,BrewCo,tv,2025-09-01,2.886958705015776,2.952514106871258,2.0763660205449663,36258.6802293224,12280.612019749255,0.002439242004799006,2.758448342261737,0.0009558289410360009,0.8067700422636608
Beverages,BrewCo,tv,2025-10-01,2.7701184810938653,2.789719424513207,,33872.407156571426,12141.868769645895,0.002326536773849468,3.078567132263158,0.0009696972808118296,0.7745238535990308
Beverages,BrewCo,tv,2025-11-01,2.9415512482972943,2.9773188353442914,2.516266667579589,44959.07408749412,15100.523851787992,0.0023567743591853684,2.987836140045111,0.00095854501513335,0.7902006570944313
Beverages,BrewCo,tv,2025-12-01,3.1256112781200414,3.1615473868319928,3.6905390341240976,58389.77916952618,18468.734459816293,0.0023816210448464564,2.995253723616006,0.0010581723026145276,0.7579646869667114
Beverages,CitrusBoost,digital_video,2022-01-01,8.013238619544675,8.081454987275352,5.965403457082058,43077.16425441886,5330.372355256073,0.006289014346787578,0.6757571444290154,0.0014297131450707904,0.5103275756384106
Beverages,CitrusBoost,digital_video,2022-02-01,9.87179243733725,9.982738700596869,7.649554356587356,48080.46095252417,4816.359758034078,0.006479216701601537,0.5879345407756443,0.0015871127566194944,0.5004611842543537
Beverages,CitrusBoost,digital_video,2022-03-01,10.143284840197072,10.103866993318086,5.587007972656004,56378.61157377199,5579.904368402358,0.006084396232250926,0.577809295682133,0.0015011653593736457,0.5087927902549957
Beverages,CitrusBoost,digital_video,2022-04-01,10.143014650459229,10.37184103915771,8.04263047176021,63139.16369755331,6087.556052891532,0.006263523853958097,0.5862438417653633,0.0015517840846440865,0.5230786885366292
Beverages,CitrusBoost,digital_video,2022-05-01,8.915237241963727,9.398871460798706,,61381.9082718773,6530.7743092234105,0.00686055692851401,0.5913413898246478,0.00158456221834859,0.5141843527509569
Beverages,CitrusBoost,digital_video,2022-06-01,10.45950958357066,10.911057037365268,9.272001941826748,73438.63299804325,6730.661634940618,0.006282672792976253,0.5884474239325597,0.0016275889789882844,0.5446020380093514
Beverages,CitrusBoost,digital_video,2022-07-01,10.139611758427144,10.236650641755638,5.918815414420176,71412.90799344452,6976.198611501783,0.006355308680080344,0.6081595860432205,0.0016413710828782945,0.5349344900938451
Beverages,CitrusBoost,digital_video,2022-08-01,9.273589301448357,8.983327494788332,8.090772490715143,65555.38990785783,7297.450743712697,0.006906386168595679,0.5970261591845453,0.0015372837362324949,0.5292505595673063
Beverages,CitrusBoost,digital_video,2022-09-01,8.988701608375571,8.652689639199503,8.11800388081519,48837.057038579114,5644.14755122284,0.0066740349011328035,0.6126286281583458,0.0014211774016439894,0.5029730713828138
Beverages,CitrusBoost,digital_video,2022-10-01,9.412280867277902,9.490405027596438,6.651984708257647,53742.72843525797,5662.848769782061,0.006459409283960937,0.6398699174894984,0.0015584615866225586,0.5113095765388926
Beverages,CitrusBoost,digital_video,2022-11-01,8.807008188495605,8.901796799109281,6.461774728340949,66702.48719961855,7493.148709740582,0.00703082991479402,0.6115857582223785,0.0015819699614371728,0.5061493786616226
Beverages,CitrusBoost,digital_video,2022-12-01,9.758712435630795,9.769171398524561,7.942076834151674,86984.1435709625,8903.942824065889,0.0068007859773000666,0.6122493862384576,0.0016894992189069216,0.4937157561121764
Beverages,CitrusBoost,digital_video,2023-01-01,9.514826852282702,9.483031848301623,5.310661923740468,47958.42932574111,5057.288649128632,0.007228578954080135,0.5836455451966107,0.0016450700617301,0.4824128018056591
Beverages,CitrusBoost,digital_video,2023-02-01,8.461999558306838,8.341264594975215,5.153178525672071,48031.64830181094,5758.317309673314,0.007230186880917627,0.6081872950647776,0.0014859444248409152,0.5410874509479007
Beverages,CitrusBoost,digital_video,2023-03-01,8.3030979747838,8.399681997334232,6.081915318032615,63090.351046840085,7511.040425918835,0.006915372194335634,0.6694331930408944,0.0016095386744236122,0.5230264863710469
Beverages,CitrusBoost,digital_video,2023-04-01,8.175907483438811,8.225205022600223,8.632948498732832,54304.07391846003,6602.154447123186,0.0070473615255433235,0.6734830610143003,0.0015619194009283918,0.48843539513780493
Beverages,CitrusBoost,digital_video,2023-05-01,8.337790153400581,8.290643140801043,4.594935548385912,54670.1687988092,6594.201182023976,0.0070679859106509675,0.6809377511383701,0.001599169032202787,0.4804788346311208
Beverages,CitrusBoost,digital_video,2023-06-01,6.6801028931170885,6.532979725513839,6.2113855938669245,62724.256166490915,9601.171104439247,0.007368040986847709,0.7580270886182889,0.0015286508577316297,0.4876882022074955
Beverages,CitrusBoost,digital_video,2023-07-01,8.202274205043112,8.23298932881936,5.539176417329135,74512.51131373415,9050.4807352179,0.006920877037024175,0.7069583451974613,0.0017022255373894582,0.503828375096046
Beverages,CitrusBoost,digital_video,2023-08-01,8.164596850430886,8.249516339000959,,74195.2290840982,8993.888372985934,0.006871491850310992,0.69926048615969,0.001573703207300904,0.514475138464845
Beverages,CitrusBoost,digital_video,2023-09-01,7.209061812689288,7.737807269142223,6.912458667991791,63822.540807538426,8248.142992919684,0.006797353059612584,0.7078128372882247,0.001541780080110496,0.5237279194913818
Beverages,CitrusBoost,digital_video,2023-10-01,8.19879646769285,8.709008297506703,8.691312616871302,56866.738080904215,6529.645642568117,0.007062507370253802,0.6051010696476802,0.0015636223773224298,0.5044406529934268
Beverages,CitrusBoost,digital_video,2023-11-01,8.771048844613293,9.233027725117768,6.793639763792941,69631.2462424119,7541.539819379644,0.006527138126124939,0.5994864721287475,0.0014629680951987517,0.5107689576179532
Beverages,CitrusBoost,digital_video,2023-12-01,11.151171472342307,9.953752597804627,8.999111436654172,48763.83806250928,4899.04059633394,0.007576082827253791,0.5425294126615658,0.0016564513184020378,0.2538505145793043
Beverages,CitrusBoost,digital_video,2024-01-01,12.977803127102469,11.133704671551149,6.464659329158785,24162.262103045137,2170.1906791891624,0.007675107305243386,0.5123207457953641,0.0018386348338891043,0.20105434761867555
Beverages,CitrusBoost,digital_video,2024-02-01,14.81182390698472,12.911654098389974,8.403976088063878,33729.541642836746,2612.333120590852,0.006951301386361819,0.5275309209593805,0.0017396721725295415,0.2746466489516721
Beverages,CitrusBoost,digital_video,2024-03-01,12.057417502428764,10.626434276219774,5.789295751649023,39342.99647485734,3702.370470864394,0.007596923248708745,0.5371982691329649,0.0017669165719192885,0.27583176104942747
Beverages,CitrusBoost,digital_video,2024-04-01,9.859051420227923,8.437283245105231,,33485.47838927064,3968.751245692357,0.008469979262387135,0.5309366214973053,0.0014594811072008802,0.28952919539330746
Beverages,CitrusBoost,digital_video,2024-05-01,6.925649840512953,7.258666453324924,5.762532801978874,53010.53867455964,7303.068547842902,0.007863727191126978,0.637043662582249,0.0014258426216653456,0.5123422525933605
Beverages,CitrusBoost,digital_video,2024-06-01,6.849881100327438,6.980758204878961,5.067383641393574,63773.7281568252,9135.644909209539,0.008051468240366805,0.6161908073121233,0.0014480055373652756,0.5280864566270784
Beverages,CitrusBoost,digital_video,2024-07-01,7.275512296165704,7.589806570308296,7.6680070438870835,63676.102855398756,8389.68717654846,0.007624450591785802,0.6126542410215028,0.0014140195195590677,0.5203732047215113
Beverages,CitrusBoost,digital_video,2024-08-01,8.596603353574674,8.828188300303175,9.395419550092171,67239.42635746399,7616.446780496841,0.006631987737926981,0.6336478186769419,0.0015738282118260977,0.5294800072968734
Beverages,CitrusBoost,digital_video,2024-09-01,9.74400708521265,9.978569864197302,7.050423438810919,55426.764884864155,5554.580028921088,0.005912152286230711,0.6371392554394458,0.0015429322792440447,0.48680383769342184
Beverages,CitrusBoost,digital_video,2024-10-01,9.945791760226465,10.029732595356842,6.152417137663953,57061.9886837571,5689.283152989876,0.006303348557788392,0.5801247224421205,0.001537092686985544,0.5093118723999613
Beverages,CitrusBoost,digital_video,2024-11-01,10.418180994515158,10.445308798515365,9.068938558842518,75049.45047157959,7184.991072953888,0.006210970235873167,0.5558987290486567,0.0015141763505456122,0.5108082375699631
Beverages,CitrusBoost,digital_video,2024-12-01,8.520624119904722,8.585058181710632,7.33214928850924,78637.18029900145,9159.772553030321,0.006018902741886743,0.6148323636078884,0.0013518783805343453,0.5203965890096186
Beverages,CitrusBoost,digital_video,2025-01-01,8.181795058418134,8.52183740982923,6.530702814343868,43760.54136440397,5135.10634618889,0.00624266635605798,0.5917384588832554,0.0013215236813538503,0.5218981878479212
Beverages,CitrusBoost,digital_video,2025-02-01,8.05486322551494,8.565486393682281,6.737135007722099,46738.113057910545,5456.562641017511,0.006665717057640689,0.6202048921365664,0.0015021830296349618,0.49669950521837936
Beverages,CitrusBoost,digital_video,2025-03-01,8.580757553255015,9.052010560626625,6.960524814547135,48885.86968929234,5400.553762269165,0.0060942398777293965,0.595496059352648,0.0013255921433848559,0.4705368115615542
Beverages,CitrusBoost,digital_video,2025-04-01,8.565628608609142,8.867368747268664,5.200335226649442,51497.34650244974,5807.51155953811,0.006133613120419531,,0.0013394467032282454,0.468579907855294
Beverages,CitrusBoost,digital_video,2025-05-01,7.831065204241474,8.12338647735681,4.636511591775581,57306.05193732322,7054.453471721252,0.006960814788046611,0.625783151931274,0.0013835497256373117,0.491757411542433
Beverages,CitrusBoost,digital_video,2025-06-01,9.906381953759514,9.997728690218084,6.9367471395908495,83811.32127460303,8383.036174666871,0.006440530985548983,0.6238770688894002,0.0016174186388948865,0.5092194313059969
Beverages,CitrusBoost,digital_video,2025-07-01,10.475474665729246,10.605976675893121,7.071626124983949,81858.81524607414,7718.1779432096355,0.006898349426817732,0.5580347005429568,0.0016760859305123817,0.4811656709115813
Beverages,CitrusBoost,digital_video,2025-08-01,9.617527155714534,9.914959661344545,7.3503984276072085,69802.09051990818,7040.078114694264,0.00664161158820262,0.5747002542607562,0.001587291033357057,0.47033740148761133
Beverages,CitrusBoost,digital_video,2025-09-01,10.761118150756934,11.046549717254168,7.396563010478321,67532.30226174333,6113.429440892408,0.006896469585087504,0.5545563716339267,0.0017078106019421913,0.4682362047132772
Beverages,CitrusBoost,digital_video,2025-10-01,9.830087184199932,9.945919127707679,5.057851156414997,64725.57484573304,6507.751974919878,0.007287840024173548,0.5274559875927929,0.0015903587288635264,0.4738767052918101
Beverages,CitrusBoost,digital_video,2025-11-01,10.229555233184561,10.23122584187618,4.792176177328705,86544.82971454349,8458.891539693848,0.007396520668774629,0.54112663380846,0.0016815218993695878,0.4583056993862265
Beverages,CitrusBoost,digital_video,2025-12-01,8.868937436644698,8.50560192709686,6.93799216448412,83811.32127460303,9853.661386103639,0.0075358663476168385,0.5662372937652935,0.0015140696129671712,0.44703573964751375
Beverages,CitrusBoost,paid_search,2022-01-01,2.7575093479621007,2.9698592150368825,2.0047207413287453,337978.7935383526,113802.96810943453,0.04593102317561411,1.2749604314299186,0.007116069398200319,0.7759813149439773
Beverages,CitrusBoost,paid_search,2022-02-01,2.560449258552273,2.6524804504761264,1.542037973264292,351646.3357380549,132572.63995100645,0.04415848831312538,1.4230334251197534,0.0068474672581621205,0.7909536571715005
Beverages,CitrusBoost,paid_search,2022-03-01,2.861133116426584,3.0869503615714766,2.35440332962285,406096.8476086546,131552.76244931988,0.038000445097965206,1.4121770197230439,0.006749390762747043,0.7669395483313827
Beverages,CitrusBoost,paid_search,2022-04-01,3.0341352451987356,3.077332593077591,1.729739762166915,332023.6501513395,107893.32647963408,0.03605102583050517,1.336454725937175,0.006110232277885327,0.764772421693054
Beverages,CitrusBoost,paid_search,2022-05-01,2.820001624387707,2.8349148516151965,2.3574430896703107,332365.338706332,117239.97231062035,0.03302179737757865,1.4640904668084511,0.005617692186709655,0.7814092494408058
Beverages,CitrusBoost,paid_search,2022-06-01,4.8122919665386314,3.8028864856693003,,420032.85938727966,110451.06420349929,,1.2208044764628434,0.008592586952956905,0.584813900108164
Beverages,CitrusBoost,paid_search,2022-07-01,3.5614891590862467,3.2440364304666494,2.9665329210732874,375125.2207311149,115635.32924849237,0.043758564982329946,1.3136944804027626,0.007609600645400548,0.5792380006812731
Beverages,CitrusBoost,paid_search,2022-08-01,3.4562515063388837,2.913715529417297,1.3501952424867256,382520.33731416817,131282.6641627115,0.043769189781393436,1.3739538483397506,0.007202799952589377,0.6137951051587203
Beverages,CitrusBoost,paid_search,2022-09-01,3.0276163289473867,2.518484363561105,1.3586261303541352,374856.7511521922,148842.19913208016,0.05326773899706549,1.4083435756115301,0.00775557244176433,0.6454902813126824
Beverages,CitrusBoost,paid_search,2022-10-01,3.1832112133137436,2.616215154035745,2.557153144992217,333976.1561798684,127656.22722759648,0.05159902100601495,1.3505594230657365,0.007562397346792552,0.5899121247116201
Beverages,CitrusBoost,paid_search,2022-11-01,1.9981054634417705,2.039582815128518,1.2402760598331137,445049.34287780616,218206.0662487798,0.04305589804826696,1.5456205065186241,0.005565137815667534,0.8788358050633237
Beverages,CitrusBoost,paid_search,2022-12-01,2.0211804565395863,2.0442568785188557,1.0478220850730788,519122.54033512133,253941.93155962176,0.039507287690269025,1.7005533523938536,0.005624956348367046,0.859917231988462
Beverages,CitrusBoost,paid_search,2023-01-01,2.604005240452562,2.466487218183902,1.6718579736773789,312498.58986605046,126697.83470280709,0.03703818642382332,1.669889217403088,0.006228828458916798,0.814149785782528
Beverages,CitrusBoost,paid_search,2023-02-01,2.8977295091369477,2.745970617333589,2.038669939153371,281331.7123856579,102452.55743444135,0.037906359545484145,1.391281215584695,0.005871865587685888,0.785158810611734
Beverages,CitrusBoost,paid_search,2023-03-01,2.416758368744596,2.2802846641848262,,293827.7509682429,128855.73261235027,0.03879582159392301,1.489162391942011,0.005423439971756471,0.7588490772656481
Beverages,CitrusBoost,paid_search,2023-04-01,2.789747300456565,2.6364578026529095,2.035688307309614,350230.7688673715,132841.4088459733,0.034529448765172964,1.5637415550843816,0.0059922416490644165,0.7982244420472492
Beverages,CitrusBoost,paid_search,2023-05-01,3.0190609108716586,2.8175464476770054,2.144413478421162,385839.5975626673,136941.69900225854,0.035757374767439995,1.5145569859900079,0.006196150934373272,0.784721347336164
Beverages,CitrusBoost,paid_search,2023-06-01,2.722854599241357,2.6127141753540544,1.975901698869995,434774.27990267286,166407.1347734605,0.037019561261607714,1.517081336993322,0.005918922259424933,0.7907224898075457
Beverages,CitrusBoost,paid_search,2023-07-01,2.2129815050446457,2.2568625629186347,2.0655931458427177,353989.3429722896,156850.19938232357,0.03729277043368213,1.5634832127104352,0.005384617865548072,0.788887021033304
Beverages,CitrusBoost,paid_search,2023-08-01,2.1919736271553933,2.2297400607837927,1.550022318595769,381324.4273716942,171017.43565465295,0.036042195523224255,1.6024571845978612,0.005345726940261133,0.8115859701981051
Beverages,CitrusBoost,paid_search,2023-09-01,2.194441980035833,2.1781136737805507,1.510104685212042,309887.1130528931,142273.15901057734,0.0358830870590985,1.733199641972265,0.005574495223678982,0.7789098704951954
Beverages,CitrusBoost,paid_search,2023-10-01,2.707925026721389,2.755419607137951,2.234364172242046,343470.21674359014,124652.59950020896,0.03664547054343243,1.4945458845418016,0.0061725712757251874,0.7507934791033705
Beverages,CitrusBoost,paid_search,2023-11-01,2.524992863782581,2.5640294610924146,2.0370148605248457,416811.22444020695,162561.01217441665,0.037779993505367156,1.4528255759914976,0.005750389352188536,0.7715825379928348
Beverages,CitrusBoost,paid_search,2023-12-01,2.619045304966293,2.6880393295247536,1.5694084494532357,486979.4098404643,181165.28448509064,0.03974446790438671,1.3137153251567453,0.00582654691329172,0.7964151711408751
Beverages,CitrusBoost,paid_search,2024-01-01,2.5581134775426038,2.513968879173194,1.714693158360874,294633.159705011,117198.41170106742,0.04215786905874345,1.440491785902992,0.006155778995700409,0.8044894021685097
Beverages,CitrusBoost,paid_search,2024-02-01,2.401704105419741,2.3351523544783452,1.729015553142079,244136.47254218234,104548.41290075931,0.040443602492922885,1.365949553832155,0.0052443237216040035,0.7754177809021631
Beverages,CitrusBoost,paid_search,2024-03-01,3.116117585854853,3.015464940129278,1.8243889438983456,348327.0754895558,115513.55509197942,0.03894304939124179,1.2393892308317356,0.005909395725225306,0.8012078858545045
Beverages,CitrusBoost,paid_search,2024-04-01,2.916789455274215,2.8157939308366258,1.7409723270897273,328411.513998561,116631.94184845185,0.04010145638948342,1.190996873707743,0.0055256123592207565,0.7752560422735371
Beverages,CitrusBoost,paid_search,2024-05-01,2.627553436068501,2.5698231962750313,1.3356156074610421,343787.4989732261,133778.65818611468,0.04126786969600549,1.3403869325102167,0.0058338144436217805,0.7650687497283907
Beverages,CitrusBoost,paid_search,2024-06-01,2.845662267155233,2.7923125357562864,1.0722616879754228,422180.6160186614,151193.89775053083,0.03953123731518005,1.3289668250345512,0.0060027314145098725,0.7457522621466032
Beverages,CitrusBoost,paid_search,2024-07-01,2.5776662157566026,2.6158604300675963,1.693854324121778,483904.2128455313,184988.54422176752,0.04132585743702389,1.4539809652026465,0.006421066784500305,0.8006684301652478
Beverages,CitrusBoost,paid_search,2024-08-01,2.2707830419095263,2.41402454903912,1.7242844767357983,470724.7971529612,194995.86171993523,0.042944011784571426,1.519333829814912,0.006496475541326144,0.8162965825596005
Beverages,CitrusBoost,paid_search,2024-09-01,1.8274742076941886,1.894045434435368,1.0551233638726618,339003.8592033303,178984.0164549117,0.04474088045333897,,0.005467240862734632,0.825600535814997
Beverages,CitrusBoost,paid_search,2024-10-01,1.8535156089610527,1.8826202162760781,1.749394629766304,313255.1859521054,166393.19138500522,0.047070570849707484,1.4678816417746323,0.005384645369707366,0.8509485521428923
Beverages,CitrusBoost,paid_search,2024-11-01,2.048379819586674,2.013109957074098,1.170108432041177,483123.21043411974,239988.48584321872,0.042271179290321224,1.645097619588697,0.005670826884454263,0.91447054350925
Beverages,CitrusBoost,paid_search,2024-12-01,2.3633909893269958,2.256842278688561,1.9046710822902844,511995.89333099086,226863.83455582417,0.04125311911912135,1.487153862403714,0.005734156855346803,0.8198648488225284
Beverages,CitrusBoost,paid_search,2025-01-01,2.6401705455231217,2.4755924549536106,1.8540078728956488,254460.3481680289,102787.65701473152,0.04058512414744276,1.4771737326789423,0.00602298795664769,0.7875478881306384
Beverages,CitrusBoost,paid_search,2025-02-01,2.588007828464927,2.536120783450946,2.766143460847892,272252.5593529985,107349.99733827326,0.039889876879600564,1.508869048692453,0.006325525361028754,0.7702143601046417
Beverages,CitrusBoost,paid_search,2025-03-01,2.86356929558538,2.84856435910427,2.329501143863297,363092.9023303056,127465.22688519492,0.0411844602909585,1.4727011147656313,0.006974128091602238,0.7518958428854183
Beverages,CitrusBoost,paid_search,2025-04-01,2.9150512755974596,2.873742443258881,,410734.04942641075,142926.53483609692,0.04103530908841044,1.513811733687411,0.007317526736235827,0.7331739261462179
Beverages,CitrusBoost,paid_search,2025-05-01,2.7408596672637624,2.5685945507429313,,374954.37645361864,145976.47431166907,0.04505232123522726,1.4201842092061163,0.006744609730020373,0.7443836559254854
Beverages,CitrusBoost,paid_search,2025-06-01,2.831890553694458,2.628604339757501,2.8185657564068016,381544.0842999037,145150.82339668612,0.041159166076159985,1.4432958804073432,0.006356600870346676,0.7241130511259648
Beverages,CitrusBoost,paid_search,2025-07-01,2.615445550642077,2.431189216540322,1.321988900144296,498914.1029398472,205214.0160648712,0.045993704689189695,1.5827331600431227,0.007250347336341631,0.7575684583081711
Beverages,CitrusBoost,paid_search,2025-08-01,2.5096892239108164,2.412184469739744,,455983.376637568,189033.37715575504,0.04146480256279268,1.5375817633986355,0.006364552387722781,0.7707991926887305
Beverages,CitrusBoost,paid_search,2025-09-01,2.8741831474099464,2.8566463696032534,2.644836406928217,473848.80679860746,165875.90674179883,0.04451419721176439,1.4612943604855728,0.00766497126140607,0.7923017464614466
Beverages,CitrusBoost,paid_search,2025-10-01,2.7085317018731625,2.6502893331635575,,383008.46382130036,144515.71721949187,0.036750716289395406,1.571010851509331,0.006319719461900303,0.807080809612177
Beverages,CitrusBoost,paid_search,2025-11-01,2.4995997673225947,2.526912149841903,1.1179148494332378,522417.3942582638,206741.41532421258,0.03799192924909136,1.5896582598321665,0.006274450020255048,0.8195505828548765
Beverages,CitrusBoost,paid_search,2025-12-01,1.993606390352691,2.01876314295499,1.3197422417329778,462719.5224359927,229209.4166919856,0.039821327915168236,1.552635827645439,0.005070139743289809,0.7983119127253485
Beverages,CitrusBoost,social,2022-01-01,4.390609062190938,4.4848011929301554,2.822148600110126,85910.2652552716,19155.869248050643,0.015009835627258451,0.8395805245463991,0.0022402719204601563,0.6109202736193079
Beverages,CitrusBoost,social,2022-02-01,5.080555608802856,5.19256590991096,4.963396048135971,88448.52309235917,17033.683274686802,0.014922968987837583,0.7493262042357383,0.00233379962875769,0.6000548100942752
Beverages,CitrusBoost,social,2022-03-01,5.896840453573862,6.18503529499508,4.239387291434028,115685.98219033734,18704.174943666083,0.013011220987219864,0.7561825325921198,0.0024296731635010454,0.5936369112104497
Beverages,CitrusBoost,social,2022-04-01,4.69956389028615,4.894974372880126,3.180905242353135,103824.50806702426,21210.42934203056,0.012993234714546584,0.8384894584926691,0.0021607135489847594,0.6071156210115349
Beverages,CitrusBoost,social,2022-05-01,4.454285393611447,4.560266375267148,,105337.70023913417,23099.023515476834,0.014616510983850976,0.8172884518797309,0.0023215630447567855,0.6218243136885724
Beverages,CitrusBoost,social,2022-06-01,5.3622841459655675,5.4953540508614624,4.173847825170324,135918.82591096807,24733.40655633665,0.014037858055805595,0.8351930356026424,0.002691774133176893,0.5967840852775163
Beverages,CitrusBoost,social,2022-07-01,5.591095454895574,5.716437419307917,4.071393949949742,139262.4924848238,24361.76280255407,0.012363048642591341,0.9284562217521273,0.0026918766876580114,0.6024055928412069
Beverages,CitrusBoost,social,2022-08-01,5.564031306874286,5.647077227940835,3.4109422444216952,138213.02049448952,24475.142611939784,0.014297542098497205,0.8453404694484089,0.0028147071249395414,0.5580915260247247
Beverages,CitrusBoost,social,2022-09-01,5.156856486967192,5.286418988293914,4.016049567077783,121689.9382280637,23019.35175731061,0.014564051335272955,0.864446721893823,0.0027044679175686477,0.5813198289134422
Beverages,CitrusBoost,social,2022-10-01,4.847951377872874,4.848803310550728,3.1913789096745346,121836.37618020337,25127.102168713285,0.01412144521590377,0.921757232894838,0.0025950862996193206,0.6091851662787956
Beverages,CitrusBoost,social,2022-11-01,5.3230391476621985,5.15487045697185,2.126723919955529,145901.01298182207,28303.526577373854,0.013587054018572868,0.8963052307737619,0.0025909305624897986,0.6031241683260866
Beverages,CitrusBoost,social,2022-12-01,4.777606536083292,4.727410119717379,3.807003777509453,175481.4793140349,37120.00331473796,0.014429597322470561,0.861232994936033,0.0024119073816886846,0.6478134936212153
Beverages,CitrusBoost,social,2023-01-01,4.8975817191149655,4.811157129881666,,90645.0923744542,18840.601112664903,0.01364774640400184,,0.0022737508030658453,0.6142888948527486
Beverages,CitrusBoost,social,2023-02-01,4.498816849676115,4.471036549460947,,92109.47189585086,20601.36858128706,0.014522989617611377,0.9252804213468251,0.002512420046378594,0.6179809435956748
Beverages,CitrusBoost,social,2023-03-01,4.854391684554142,4.795071403027272,2.977686172684198,126375.95269653306,26355.38495146248,0.014595842037791764,0.9446035966976983,0.002683173482371573,0.6145064784746266
Beverages,CitrusBoost,social,2023-04-01,5.032764560317227,4.821866282721015,3.313995794346919,111414.87525293036,23106.172739003898,0.014399684063356259,0.860084598511219,0.0024460481350701744,0.6107526747669338
Beverages,CitrusBoost,social,2023-05-01,5.509585636826701,5.2975457278647475,4.349732253975723,115905.63911854684,21879.1200817561,0.014191013971360557,0.8364857043032612,0.002580475513586702,0.6079874145116416
Beverages,CitrusBoost,social,2023-06-01,4.995246301577077,5.068297750016112,3.1197384864454194,129011.83583504708,25454.66785857973,0.013793066046797867,0.8718247716744779,0.0025124672133035844,0.6113258342881326
Beverages,CitrusBoost,social,2023-07-01,5.326827653712349,5.321604560248848,4.285197739122802,136528.98404488334,25655.604902461786,0.014533456850166347,0.7966589523805051,0.0025311210504215986,0.6306793572501804
Beverages,CitrusBoost,social,2023-08-01,5.80389145637519,5.64172115520667,2.8457748258946376,158836.365420826,28153.884435468426,0.013450588268970453,0.8407658255828832,0.002560981381986242,0.6555469415512846
Beverages,CitrusBoost,social,2023-09-01,6.816412108145767,6.724739235282052,,199399.67816351392,29651.659519724202,0.018896240711250737,0.7931220114407587,0.004143181796815271,0.6397031127176527
Beverages,CitrusBoost,social,2023-10-01,5.281064028806633,5.119495678242661,3.8834461311566013,160959.7157268512,31440.541382018102,0.01762523108573689,0.9303862155481343,0.003483283244180846,0.6483674657804992
Beverages,CitrusBoost,social,2023-11-01,6.061184223038045,6.0323474583187835,6.008450756671457,177092.29678757125,29357.111474630958,0.01992673185897279,0.87278842533687,0.004248405101754931,0.45655405400578025
Beverages,CitrusBoost,social,2023-12-01,5.74554414168477,5.927886705705916,3.971894720782403,255241.35057944048,43057.730899910195,0.021366701958609947,0.8342904650244176,0.004353967878092925,0.5033112960615751
Beverages,CitrusBoost,social,2024-01-01,5.729629772257241,5.827388345246079,3.829463356735572,108120.02132978785,18553.769703368234,0.01938686247355283,0.8302577394445892,0.003919730239213314,0.446112671512967
Beverages,CitrusBoost,social,2024-02-01,5.226525031715167,5.5071032023731705,3.2029417175770156,93378.60081439465,16956.028856360474,0.017652557881586862,0.8406558679405292,0.003409265933347539,0.4504030297648591
Beverages,CitrusBoost,social,2024-03-01,6.032025022107247,6.274097095921325,4.311369309696752,145364.07382397662,23168.923209440785,0.017834710661655588,0.8177363219369916,0.0037112787802054885,0.5135944985850722
Beverages,CitrusBoost,social,2024-04-01,5.3470141554831505,5.324339602355626,,131745.34427498752,24743.97843005731,0.013928222242362284,0.8924789334556288,0.0027167627386535083,0.6509029266846476
Beverages,CitrusBoost,social,2024-05-01,5.702011506711758,5.944367505356564,2.919536381129102,121811.96985484676,20491.998475040455,0.013366763079004581,0.8434309546855636,0.002718880558460329,0.5858822825024389
Beverages,CitrusBoost,social,2024-06-01,5.033732020698927,5.330485216462997,3.382675844962227,136187.2954898908,25548.76150285186,0.013145232479719705,0.8231180612407571,0.002378367383410146,0.5817611335907528
Beverages,CitrusBoost,social,2024-07-01,4.457223804154326,4.740287302074288,3.7791964061896777,144070.53858007622,30392.786217205197,0.0149103935421197,0.7971042046003094,0.0022727286333539473,0.6203669565471684
Beverages,CitrusBoost,social,2024-08-01,5.157766544766115,5.374117440040578,3.6924738994746042,149806.02503887986,27875.465452751385,0.01298381001396911,0.8963460385463,0.0025075694934317615,0.6297165193624263
Beverages,CitrusBoost,social,2024-09-01,4.989243253332913,5.167551057808461,3.7163894915438513,131257.2177678553,25400.274965743833,0.013560665393413971,0.8846571108158203,0.0025201432593064304,
Beverages,CitrusBoost,social,2024-10-01,4.814695275560523,4.769532028835218,,108461.7098847804,22740.53496843131,0.012152212260140714,0.9328302144733494,0.0022041768572468373,0.6457253875040745
Beverages,CitrusBoost,social,2024-11-01,5.292358314713985,5.148648301559395,3.4859950116573697,140165.52652301843,27223.752393529358,0.012522466693457635,0.9239666166687944,0.0024336124438458836,0.6446078320423264
Beverages,CitrusBoost,social,2024-12-01,5.323165235526285,5.170962281070456,,178507.8636582547,34521.207843987846,0.012496799850928959,0.8988727468815999,0.0023497202562802314,0.6608891130624389
Beverages,CitrusBoost,social,2025-01-01,5.8448748255693515,5.7165257283632265,3.872907839607342,106753.2671098176,18674.501293705107,0.01112845948063589,0.9936416565768388,0.0025831592389595043,0.6645530643527029
Beverages,CitrusBoost,social,2025-02-01,5.7232410313071815,5.591511442467312,,114075.164716801,20401.489988986617,0.012264039233083111,0.8922974977688338,0.0025140826514906786,0.6809039939464717
Beverages,CitrusBoost,social,2025-03-01,6.032676070462084,6.058961315418462,3.983337763837449,129158.27378718674,21316.90021827882,0.012372684469247493,0.816895965444676,0.002512271772161554,0.6645593974603532
Beverages,CitrusBoost,social,2025-04-01,6.332878608646984,6.228716735764434,3.994879126100423,139189.27350875398,22346.380388362875,0.011036179877693869,0.9554226511763169,0.0026545927971304163,0.666610219398503
Beverages,CitrusBoost,social,2025-05-01,5.702649306440106,5.786451967142023,3.2809735952943453,129499.9623421793,22379.856097922544,0.012572812711223841,0.8218823392553266,0.0024412591072536906,0.6398228523468804
Beverages,CitrusBoost,social,2025-06-01,4.643928946389813,4.5996286348960504,3.9035439914654115,131574.49999749125,28605.46153645397,0.014058984848153998,0.8512010217358201,0.0022885474321317476,0.6155842119145978
Beverages,CitrusBoost,social,2025-07-01,4.620363881155335,4.47145529836833,2.46792981592622,140336.3708005147,31384.94325364822,0.015070110465957921,0.8286891255947039,0.002306579916399767,0.653366735444845
Beverages,CitrusBoost,social,2025-08-01,5.376625878194655,5.238060209886022,3.818165359213165,140336.3708005147,26791.668132346334,0.01480149121914992,0.8026263670565109,0.0024690787466489484,0.643352877935242
Beverages,CitrusBoost,social,2025-09-01,4.477943994278696,4.419703157937225,4.467470596863251,109755.24512868079,24833.171189692755,0.014370784222683373,0.8412035903151234,0.002256841303386545,0.6504977693752909
Beverages,CitrusBoost,social,2025-10-01,4.19179239936114,4.1189217541282295,3.5969634055273394,106143.10897590233,25769.63470343164,0.015140210915467266,0.8169425153256289,0.002069226670452911,0.6393434010232312
Beverages,CitrusBoost,social,2025-11-01,3.969475063239658,4.194897880161379,3.2538317212424728,140995.3415851432,33611.14992856967,0.0159302698955414,0.8579963733233693,0.002314290706487556,0.6156192104243268
Beverages,CitrusBoost,social,2025-12-01,3.9447893538484164,4.058585623333709,2.9922626687630416,172186.62539089238,42425.27850119837,0.015994608117173147,0.8362297177671457,0.002263442152271468,0.6140570202440195
Beverages,CitrusBoost,tv,2022-01-01,6.482452471563931,6.326915212180514,4.128209012056876,45102.88925901759,7128.732999643485,0.0020963279777889256,2.4181590907881563,0.0013103479330728823,0.5549578767548783
Beverages,CitrusBoost,tv,2022-02-01,5.356939637730658,5.312516721289655,3.168706755098281,41344.31515409946,7782.434827623997,0.0023628712809278755,2.4999790644471562,0.00123615462107578,0.5023424426537176
Beverages,CitrusBoost,tv,2022-03-01,5.554571330310382,5.372390819942403,,51472.94017709313,9581.011862730598,0.002312895431160163,2.400654438168529,0.0011973701765561492,0.5107287238764231
Beverages,CitrusBoost,tv,2022-04-01,6.04450463485141,5.8247942367484375,4.631013267533079,49935.34167962662,8572.893676584517,0.00230594567139532,2.204962365376676,0.0012053066234466322,0.4840662886296496
Beverages,CitrusBoost,tv,2022-05-01,7.773577989701866,7.26949838205778,,55280.326932724485,7604.421106848952,0.0022378901946907954,2.0144161872447555,0.0012915792302393273,0.48113327232182684
Beverages,CitrusBoost,tv,2022-06-01,7.5936713640377835,7.5200903467253015,,56305.39259770216,7487.329274204917,0.0021186005030688214,1.9508413950507861,0.0012649854398269073,
Beverages,CitrusBoost,tv,2022-07-01,6.184778090150334,6.182859559853379,5.538336881969666,48544.18113429978,7851.412548573392,0.001962098393602896,2.331871858798156,0.0011579141454696107,0.48554362395165224
Beverages,CitrusBoost,tv,2022-08-01,5.302687840902777,5.3581060935540785,3.458933567019912,49447.2151724944,9228.487512029764,0.002147049599823385,2.4381737151994094,0.00121668161270548,0.48404505174950274
Beverages,CitrusBoost,tv,2022-09-01,5.2897778138339655,5.578280583505327,4.091262325501348,44883.23233080809,8046.069332461578,0.0020740672291042588,2.543809463313809,0.001179108982460319,0.49357252647662686
Beverages,CitrusBoost,tv,2022-10-01,4.3058183316305945,4.34686993148703,,44346.29317296264,10201.890986370538,0.002550863021719253,2.847304210541596,0.0013294413712861624,0.4892355052008226
Beverages,CitrusBoost,tv,2022-11-01,5.745902207094166,5.817475020650482,6.434645385826645,57135.20765982694,9821.30691700647,0.0022952568231347785,2.4857775036715943,0.0012880377110856983,0.46841829135149393
Beverages,CitrusBoost,tv,2022-12-01,5.079555035274767,5.034919792277685,3.343667615244436,57818.584769812056,11483.516551443658,0.002105743659129565,2.5172109933019855,0.0010966073154933078,0.4984134812883034
Beverages,CitrusBoost,tv,2023-01-01,4.959717120543658,4.680919318532257,3.666380843617663,33900.38592033303,7242.2495696770075,0.0022236768397554435,2.6335452980643663,0.0011630963869952698,0.5173863004772232
Beverages,CitrusBoost,tv,2023-02-01,5.929605626230646,5.753206263347948,3.7722388284920427,43272.414857271746,7521.443326819008,0.002439364325101978,2.4114919290859276,0.0013232069604668694,0.5314715107837691
Beverages,CitrusBoost,tv,2023-03-01,6.6530530812134945,6.585041274945708,4.320351337812799,55280.326932724485,8394.833779258317,0.0023797506136021473,2.329956641481631,0.0014001273657062855,0.4943522380869879
Beverages,CitrusBoost,tv,2023-04-01,6.729718662907628,6.6669251819418465,5.145284850769677,85715.01465241871,12856.75364778173,0.0035463172220677676,2.2659065293940306,0.002161272004380964,0.5059346757068839
Beverages,CitrusBoost,tv,2023-05-01,5.795103334128209,5.633810614855752,,86227.54748490755,15305.368493845852,0.0031620379477099096,2.655798801639051,0.001962486999540657,0.5207824812505096
Beverages,CitrusBoost,tv,2023-06-01,6.86437548938433,6.825543719954824,3.124430094477118,81102.21916001919,11882.16243094491,0.0025651924138669147,2.386455599707755,0.0016682078525536977,0.4972950322775902
Beverages,CitrusBoost,tv,2023-07-01,5.86343481535085,5.926772513782061,5.599837458724588,73389.82034733004,12382.763161007115,0.002417173749590266,2.7328985126919254,0.0015173162361309164,0.5022231799908297
Beverages,CitrusBoost,tv,2023-08-01,6.053016711823137,5.950925798959182,4.613999457185151,62211.72333400208,10454.12519592883,0.002080776711591339,2.6709568717242793,0.0014322470859815318,0.5029915303677849
Beverages,CitrusBoost,tv,2023-09-01,5.36974312410539,5.265572807247626,3.1824771287158726,52888.507047776584,10044.207721328992,0.0021234616902838493,2.7830999504929324,0.001224140390766545,0.5415062938728372
Beverages,CitrusBoost,tv,2023-10-01,5.680014707767025,5.878451445471658,4.389695941975711,50765.1567417514,8635.804380226238,0.0017657101886059358,2.6256626270070655,0.0011180601293608262,0.5681393172093625
Beverages,CitrusBoost,tv,2023-11-01,5.267453561571867,5.543977903806253,4.531423485611084,60137.185678690126,10847.298947097635,0.0017526968020485634,2.6264646361011224,0.001100919788131823,0.5157866562174106
Beverages,CitrusBoost,tv,2023-12-01,5.866334597269626,5.85576902084675,,77270.42607903123,13195.606897052414,0.0018513243204341852,2.5429961258532305,0.0012057557667515633,0.5624749219131339
Beverages,CitrusBoost,tv,2024-01-01,6.280615153360375,6.216363024593949,4.824117288565595,44736.794378668426,7196.618698373172,0.001875313585908376,2.675322936198205,0.001266693952504461,0.5266463650456202
Beverages,CitrusBoost,tv,2024-02-01,5.432071577279265,5.490591307973985,4.742032583114943,43272.414857271746,7881.193924309613,0.002058382763607869,2.688909561347531,0.001267720900163715,0.5401595804648678
Beverages,CitrusBoost,tv,2024-03-01,5.0296547180006135,5.084633966268221,2.728305628769732,45713.04739293287,8990.430323243734,0.002164987367998215,2.4773850436053277,0.0011485493027962833,0.548745654893016
Beverages,CitrusBoost,tv,2024-04-01,4.582346963932387,4.613379159112112,3.5489503546047465,45005.263957591145,9755.379387947994,0.0023145223060579384,2.6014345034527984,0.0011475894631861802,0.5161604245231425
Beverages,CitrusBoost,tv,2024-05-01,4.613653556517242,4.5571404525680865,3.354546439711127,48251.30523002044,10588.066295571243,0.0023924288600443142,2.4532127654242917,0.0011149682544389437,0.5238825671452101
Beverages,CitrusBoost,tv,2024-06-01,4.402177551676451,4.505373463178056,4.546446848621457,57281.6456119666,12714.07266903032,0.002496055743300904,2.5878430020415877,0.001212760420681088,0.5172396485786225
Beverages,CitrusBoost,tv,2024-07-01,4.83343873356781,5.003872007560628,3.9241429813935063,63212.38267362314,12632.69375757654,0.002407527326274058,2.6494743619078314,0.0012990456591565577,0.5257693568659187
Beverages,CitrusBoost,tv,2024-08-01,4.547615663704635,4.621167686869077,2.9526369244800152,59673.46549691451,12913.07079517479,0.002391643048728412,2.932789188093298,0.0013461610868753368,0.5250310653791722
Beverages,CitrusBoost,tv,2024-09-01,4.648064310203497,4.707480457089686,3.0689147711090907,48348.93053144689,10270.659851307748,0.002409699012011429,2.643670489397104,0.0012433694188271325,0.5432959868992351
Beverages,CitrusBoost,tv,2024-10-01,3.9883511592285585,3.9691674132804757,4.094254974205856,40392.46846519162,10176.559529850534,0.0023709812749795884,2.6682117278055935,0.0010304189068419953,0.5334093359291551
Beverages,CitrusBoost,tv,2024-11-01,4.361421349453193,4.47274239483716,2.9449326367041415,47787.58504824483,10684.180046542708,0.0022723072839185158,2.3621888230251398,0.0009636266431053039,0.5222607669089356
Beverages,CitrusBoost,tv,2024-12-01,5.4458319702267035,5.48994848210332,4.209118469869071,66824.5188264016,12172.157725021067,0.002217002315430552,2.3722778649427143,0.0011550371395327782,0.5395488244991521
Beverages,CitrusBoost,tv,2025-01-01,5.206187417230998,5.105794044690457,3.3355998209586324,35120.70218816359,6878.597507215512,0.0021148769136532172,2.458397965409404,0.0011452067714566945,0.5407762941894529
Beverages,CitrusBoost,tv,2025-02-01,4.75206371831682,4.64123467415258,3.9818254848765355,35315.95279101648,7609.171970487498,0.002217537725429288,2.6274765091462355,0.0011130801360297025,0.544513351674286
Beverages,CitrusBoost,tv,2025-03-01,5.337791584419685,5.23984338416225,4.592810798039162,47128.61426361633,8994.279181333066,0.0022139272158180874,2.6085496465583136,0.0012684600359965687,0.5198365626354478
Beverages,CitrusBoost,tv,2025-04-01,5.2559741062360095,5.204117833945414,3.5301284296647037,49642.465775347286,9539.074125404975,0.0021339385097947565,2.8801552311005363,0.0013416557400028855,0.49640724910687223
Beverages,CitrusBoost,tv,2025-05-01,5.366871684782105,5.435115282761625,3.5534301300921993,48007.24197645433,8832.791850564294,0.0020820725712200846,2.7102767261627165,0.0012978600535588974,
Beverages,CitrusBoost,tv,2025-06-01,5.251274903654434,5.303262041854461,3.49985415878668,51472.94017709313,9705.901720650016,0.001973583192137781,2.876675080216365,0.0012459844771775107,0.4855435308060858
Beverages,CitrusBoost,tv,2025-07-01,4.967308937172487,4.858731126670525,2.3710320647469807,55939.29771735299,11513.1494744155,0.0022017106934575214,2.817017243556521,0.001224144522437319,0.5096677534967806
Beverages,CitrusBoost,tv,2025-08-01,4.779132563202196,4.72334092774508,3.3836352897446553,59234.151640495504,12540.731771562772,0.0022271893870214393,2.86318076976319,0.0012364067572847774,0.5290324588510349
Beverages,CitrusBoost,tv,2025-09-01,5.677551199068836,5.750048029072522,4.1097537736599525,58575.180855867,10186.902884933837,0.002115326865875931,2.67513206011918,0.0013454840799439639,0.5196631695568356
Beverages,CitrusBoost,tv,2025-10-01,5.27938395060622,5.383926271216774,3.163347991735578,58428.74290372734,10852.441129458924,0.0022706134489034672,2.6782924801231305,0.0013296607915410001,0.5443603375261611
Beverages,CitrusBoost,tv,2025-11-01,6.1484859953424085,6.198335341669645,2.9041938993446603,78783.61825114112,12710.447871624703,0.002184797803517537,2.4326216022248235,0.0013417316239383193,0.5592012711708313
Beverages,CitrusBoost,tv,2025-12-01,5.9182338270695345,6.000701020825074,4.0583684527222,93378.60081439465,15561.282005274017,0.0020136033154897217,2.831898454099002,0.0013822204098259978,0.5470088492149027
HomeCare,CleanWave,digital_video,2022-01-01,13.2210445272651,13.173239712140496,15.56011377020499,52550.364490575164,3989.1754525763768,0.005014584860825899,0.7132443147821164,0.001483786125866079,0.5582210127730808
HomeCare,CleanWave,digital_video,2022-02-01,15.130395052745861,15.024685168626874,12.454190435632885,45900.070225018506,3054.977173223083,0.004788722127463033,0.6537507325536236,0.0014142302949678568,0.5508633474521061
HomeCare,CleanWave,digital_video,2022-03-01,14.344134116143174,14.849401017453207,14.407571587123279,59787.449426622115,4026.2532715192406,0.004609077172086369,0.6750927685310598,0.0014003600959615402,0.5751513871807279
HomeCare,CleanWave,digital_video,2022-04-01,11.359214340306611,11.510972987435505,15.019911610439232,56560.1007389255,4913.581223816803,0.005244348392047035,0.731623172098988,0.0013212949913420768,0.5617590701613694
HomeCare,CleanWave,digital_video,2022-05-01,14.823453618471481,14.896795931703771,16.10506158555655,57114.29192772189,3833.998410770311,0.004534655528355378,0.6921824175429339,0.0013888338656612021,
HomeCare,CleanWave,digital_video,2022-06-01,15.688694808056644,15.424077610719243,,60276.4416520307,3907.9446546703375,0.004716943953936358,0.6480836906584307,0.001505486875669313,0.5721161225283429
HomeCare,CleanWave,digital_video,2022-07-01,16.334795039719562,15.9369643735781,13.446764012115299,56071.10851351693,3518.3054438194795,0.004398582504368797,0.6373741746049781,0.001447543156867551,0.6045160013740464
HomeCare,CleanWave,digital_video,2022-08-01,15.761069836796118,15.580002694127442,9.480689796542878,64481.77479054446,4138.752480116677,0.004428079886170741,0.6768197023902989,0.0014753820837218733,0.6170653575080062
HomeCare,CleanWave,digital_video,2022-09-01,17.68499407867077,17.151735174749394,17.07549639400966,65264.16235119819,3805.105529339061,0.004378920131937791,0.6256339245871524,0.001481225560200123,0.5926302385386041
HomeCare,CleanWave,digital_video,2022-10-01,19.581707625593292,19.32016033909094,21.411714097266362,74978.80789598194,3880.858470117121,0.004244981718736339,0.6523547604836311,0.0016053439640828038,0.5785866557875132
HomeCare,CleanWave,digital_video,2022-11-01,19.08033969642144,18.808851050138607,20.598957846538948,92680.32645577246,4927.484736240148,0.004457358509204945,0.6062358189271836,0.0015288116435735375,0.5714895127771591
HomeCare,CleanWave,digital_video,2022-12-01,21.45412615154761,21.405139087990925,21.237613167632787,113935.18852019864,5322.795990805801,0.004061660133063866,0.6107625921750776,0.0015712736355723827,0.5689929688665135
HomeCare,CleanWave,digital_video,2023-01-01,19.606918989543132,19.374143802460086,18.069693130431585,55582.11628810835,2868.88116733451,0.004564113664333312,0.5795719529968707,0.0015937468552258765,0.5463826646360331
HomeCare,CleanWave,digital_video,2023-02-01,16.223368044129653,16.23592891769648,11.308106334460224,61417.42351131738,3782.8093374056944,0.005162882630494877,0.6275397042809712,0.001630189409306842,0.5693393732355224
HomeCare,CleanWave,digital_video,2023-03-01,18.690270175763803,18.02239527117089,16.925229340758264,90365.76325550518,5014.081751944299,0.00528799531550755,0.6724895053573362,0.0019096693978581144,0.5688535519676773
HomeCare,CleanWave,digital_video,2023-04-01,17.996006075111243,16.817445797531665,12.83841293295701,78695.14880908713,4679.375795617988,0.005862292138251661,0.5907556868599909,0.0018242620939034567,0.5632301257386956
HomeCare,CleanWave,digital_video,2023-05-01,18.188496100539048,17.07077318035899,16.335439190756546,74620.21359734898,4371.226353309191,0.005504690941563622,0.6010210852893154,0.0018048156100774853,0.5336917885133828
HomeCare,CleanWave,digital_video,2023-06-01,20.9878172520135,19.474677530000783,14.302399587904874,80162.12548531286,4116.2235093147465,0.005439391535936543,0.5937146270466964,0.0019394329424732278,0.5426364187214081
HomeCare,CleanWave,digital_video,2023-07-01,21.54669654265752,21.219648247829383,,67089.73332605688,3161.679804608433,0.004521712140860323,0.5907473476473156,0.001741039236683026,0.5071760014641524
HomeCare,CleanWave,digital_video,2023-08-01,17.874440772536833,18.283749338242473,20.245313374012376,68817.50585583385,3763.8618087973055,0.004602931555051573,0.6153117228702477,0.0015194229007638664,0.5118097016988173
HomeCare,CleanWave,digital_video,2023-09-01,15.513576482896736,15.860641422330866,14.316089289307016,70414.8804588352,4439.598537275745,0.005063128142843382,0.6461357207503631,0.0015917559464775166,0.5152131736070042
HomeCare,CleanWave,digital_video,2023-10-01,15.276130515136426,15.481781412646699,14.175058207087226,97374.6518196948,6289.628384764028,0.0057037468004422776,0.6015904720003853,0.0015989503753027167,0.6860534989407838
HomeCare,CleanWave,digital_video,2023-11-01,12.727523684757857,12.897159460962612,13.126337864939142,123454.23717481896,9572.203673878174,0.005613755526520624,0.6733875254223126,0.0015388043526647374,0.7459245599007622
HomeCare,CleanWave,digital_video,2023-12-01,12.441490233017321,13.041214806840703,15.7651145198234,147317.05777475756,11296.268020789224,0.005655625005497725,0.704915321110092,0.0015741562614608763,0.7494640241563986
HomeCare,CleanWave,digital_video,2024-01-01,11.736886691922114,11.77973481502635,9.986933027446254,73577.03018314402,6246.068467457213,0.005867070221921687,0.6724155955923364,0.0014033890727588251,0.7754717636517787
HomeCare,CleanWave,digital_video,2024-02-01,13.477990987215694,12.876071602198286,12.481096193401912,76478.38405390158,5939.574306253834,0.005574284449552574,0.6973786904137412,0.0015931891315651167,0.7706524240196075
HomeCare,CleanWave,digital_video,2024-03-01,15.92754158920903,15.031802139587999,17.278236270507996,102753.56629918916,6835.744998836546,0.0057713460920025715,0.6088665715539812,0.0016271693473669298,0.7804984159308425
HomeCare,CleanWave,digital_video,2024-04-01,14.36817135369582,13.510510068521876,13.053913195694191,100210.80672706456,7417.248217781623,0.005671403676027762,0.669245530793253,0.001519077251024989,0.8066991618848341
HomeCare,CleanWave,digital_video,2024-05-01,15.617014675190768,14.924263790249721,8.51289870294524,82020.29594186546,5495.768306872915,0.005416353746583978,0.6105730815323758,0.0014752078107882001,0.7537043430287876
HomeCare,CleanWave,digital_video,2024-06-01,12.92714584953282,12.787090542377847,9.220890944977704,68719.70741075215,5374.147245067778,0.005311065419449405,0.6341176690345461,0.0013412643426852229,0.7174923778768245
HomeCare,CleanWave,digital_video,2024-07-01,15.086041925545052,14.954845158800808,14.814606395759748,77554.16694980045,5185.888996260214,0.0046059608669961755,0.6362273336106262,0.0013852337021855016,0.7336041125328127
HomeCare,CleanWave,digital_video,2024-08-01,13.437176625135551,12.752306234046268,10.057342734834355,84400.05810552054,6618.415254190509,0.00476724189814994,0.7413099523062846,0.0013978944328594265,0.7258875076346681
HomeCare,CleanWave,digital_video,2024-09-01,16.307432961919847,15.880501363515679,17.925324664832463,84171.8617336632,5300.327729390337,0.004333876457170547,0.6342380913474137,0.0013266681772280485,0.7269312532509412
HomeCare,CleanWave,digital_video,2024-10-01,16.232464014712896,16.11798632459574,20.141358803500932,100243.40620875846,6219.35049391306,0.004028290243149568,0.736889868947045,0.0014786205620852015,0.7149237964152031
HomeCare,CleanWave,digital_video,2024-11-01,16.562810971666515,16.082570141494145,12.383710029268164,135027.05317615528,8395.862849543937,0.004362662875081441,0.7418806087782926,0.0016245601114095382,0.6977174199910797
HomeCare,CleanWave,digital_video,2024-12-01,18.282600788675076,17.475789994878085,,162541.01572581127,9300.925209873192,0.0041968607590546145,0.7161719573321932,0.0015964086424629482,0.7464984678983446
HomeCare,CleanWave,digital_video,2025-01-01,17.565635845068673,17.38004674480509,14.016017338178589,81531.30371645688,4691.086561135208,0.004413604427094122,0.6539011097205476,0.0015518613564950812,0.7046197132591854
HomeCare,CleanWave,digital_video,2025-02-01,16.878956427645488,16.862438784073564,13.365199159641241,84726.0529224596,5024.543247118125,0.004597156378109922,0.6583521026098172,0.001592764267313504,0.7257124143353293
HomeCare,CleanWave,digital_video,2025-03-01,15.031007828019538,15.195203328844574,17.707581810833393,100830.19687924875,6635.6596023855745,0.004729544391903884,0.7052459987656047,0.001576469662101843,0.7350365214881308
HomeCare,CleanWave,digital_video,2025-04-01,17.014942078713023,17.107922857935666,11.891176208482124,86095.23115360361,5032.477166780511,0.0044968842688516706,0.6212167839501926,0.0014656560937779649,0.6842095248192235
HomeCare,CleanWave,digital_video,2025-05-01,14.990362869359844,14.672998280501936,14.52236572848252,86584.22337901218,5900.922342100233,0.004874160636287438,0.674468206892243,0.0014341391554667695,0.671409893411038
HomeCare,CleanWave,digital_video,2025-06-01,15.664128829791139,15.731321839574042,17.91026733594211,84204.4612153571,5352.662800625603,0.004829774818214197,0.6354817524190435,0.0014472549881990296,0.6676365601721244
HomeCare,CleanWave,digital_video,2025-07-01,16.77184478779559,16.40974939704559,16.45207439043366,93462.71401642618,5695.560106070431,0.00495638865768476,0.6125575506636299,0.0015071507635202091,0.6983787451258779
HomeCare,CleanWave,digital_video,2025-08-01,16.92957488754253,16.652145758123392,15.574334304516086,98548.23316067539,5918.050117511177,0.004558637767599389,0.6618262265165709,0.0015235539602061036,0.6931630883864375
HomeCare,CleanWave,digital_video,2025-09-01,18.289870913955802,17.191961959328488,14.212335392245965,94636.29535740677,5504.682687251782,0.004598566871892604,0.6438978462102916,0.0015531780589785325,0.6973853353004132
HomeCare,CleanWave,digital_video,2025-10-01,15.77489327605617,15.04120066806791,18.473839827981728,82867.882465907,5509.392786829407,0.0049984789547044915,0.6084365308480847,0.0014087645543566288,0.6630189129007761
HomeCare,CleanWave,digital_video,2025-11-01,13.852659917116705,13.45575933570165,10.973581970580273,129289.54439802798,9608.49114289589,0.005221156550467743,0.7144390767265886,0.0015214676461996748,0.74301698339669
HomeCare,CleanWave,digital_video,2025-12-01,15.250801757436582,14.773968660796264,15.485846508768475,154293.34685725326,10443.595109733866,0.0048477498133416164,0.7050290359639415,0.0015323014626300693,0.7340310387096852
HomeCare,CleanWave,ooh,2022-11-01,8.787699772280936,8.64322068090572,7.15667047041864,48019.036535122345,5555.687897823112,0.0011332815041750373,2.808740089900461,0.0008331734006776716,0.5057974610018848
HomeCare,CleanWave,ooh,2022-12-01,8.192316234229352,8.148692915787535,4.770281220237073,51474.581594676296,6316.9126787129035,0.0012456838211264503,2.6949286171983378,0.0008479185741567383,0.5007559097261972
HomeCare,CleanWave,ooh,2023-11-01,6.926761087422165,7.094809127587274,,47595.24327310158,6708.460004657977,0.0011467460486815654,3.09145622334469,0.0007377727653825673,0.5962393835440514
HomeCare,CleanWave,ooh,2023-12-01,5.900404379039171,6.066911992681348,4.9943895443659745,55614.71576980226,9166.890147226717,0.0012247825933288242,3.3443597764417063,0.0007477899476732135,0.5762944088068434
HomeCare,CleanWave,ooh,2024-11-01,7.104461697214559,7.439492811532804,6.274957382638925,45443.677481303836,6108.437582042747,0.00111813201130871,2.8624356054558326,0.0006950102365867277,0.5923777422959461
HomeCare,CleanWave,ooh,2024-12-01,6.489374997568442,6.750095575225251,5.0418676139795835,49909.806473368844,7393.940710491844,0.0012022677686831847,3.008112575464542,0.0006960489055275076,0.5379325379239513
HomeCare,CleanWave,ooh,2025-11-01,6.408623841168052,6.227298490554596,,47334.447419550335,7601.12069324218,0.0012099942163310343,3.1500707390145792,0.0007215038402678761,0.5789806023756245
HomeCare,CleanWave,ooh,2025-12-01,5.524124296346286,5.421725215150508,5.285170703684396,51115.987296043335,9427.992985185683,0.0012786598748163785,3.4097623816223086,0.0007171071727861942,0.5453560355704439
HomeCare,CleanWave,paid_search,2022-01-01,7.723268897725633,7.787287941804679,6.662199171441936,201432.19738664018,25866.797130395942,0.025746011518730582,1.0692735782066034,0.006550207071355447,0.5282889666625904
HomeCare,CleanWave,paid_search,2022-02-01,6.184820760662526,6.231457623537212,5.280493909945037,194912.30104785913,31278.76539056355,0.02711384493791285,1.1867346583664131,0.00618031350952095,0.5536798612765744
HomeCare,CleanWave,paid_search,2022-03-01,4.994676325687826,4.956455290359911,4.312638205335566,250624.8152627431,50565.33360649846,0.029107028737675265,1.3346706859129616,0.005956819235528187,0.5718170986365386
HomeCare,CleanWave,paid_search,2022-04-01,4.776462568861906,4.814203792733458,3.4014131747351737,256851.316266279,53352.81332584413,0.029172006042991624,1.3611106006899365,0.005825121644683787,0.5833581804162536
HomeCare,CleanWave,paid_search,2022-05-01,5.175647025216787,5.295859824714996,4.749852251535207,269010.92293810565,50796.45833574964,0.027880298162716612,1.2945070931638543,0.005851314027783099,0.6150991602948389
HomeCare,CleanWave,paid_search,2022-06-01,4.882661186514695,4.906763925573304,4.483336960213458,240649.37386440812,49044.41654716265,0.02771338779119106,1.2709099908567671,0.005321026793470434,0.6442770682747212
HomeCare,CleanWave,paid_search,2022-07-01,4.466612392646071,4.814059690713864,5.1917020824343325,222654.45996937246,46250.872293682674,0.02785102643837017,1.3037596136344658,0.005351563848320867,0.6139147545693424
HomeCare,CleanWave,paid_search,2022-08-01,4.396166023018393,4.680135159352576,4.1570265890056755,263436.41156844783,56288.20591687573,0.02831989962987753,1.4234322758667746,0.005650648494448065,0.6138855801221912
HomeCare,CleanWave,paid_search,2022-09-01,4.537058438542891,4.856034873344997,3.6834108890085693,265750.9747687151,54725.919747289016,0.030150934046933343,1.3152107605693106,0.0058424668551101755,0.6010659208445495
HomeCare,CleanWave,paid_search,2022-10-01,5.40377506588653,5.4875389423260685,3.55346301832612,269825.90998045326,49170.65971035805,0.02990824123524287,1.255763094043264,0.006306260276209457,0.5771631925678411
HomeCare,CleanWave,paid_search,2022-11-01,7.07603760875984,7.220256774274925,4.4845188083649585,407623.9191005905,56455.59871955178,0.0268867196769637,1.1513561757056692,0.006854924738254429,0.581251722195725
HomeCare,CleanWave,paid_search,2022-12-01,7.000478294492244,7.185626590050193,6.56401377789563,505161.5683287548,70301.6726513792,0.026359844635760445,1.2303623208557937,0.007092960314338213,0.5926182213233129
HomeCare,CleanWave,paid_search,2023-01-01,7.30495749569386,7.437771611128923,7.48225504565431,276280.6073558465,37145.615891519956,0.027262903091045825,1.150019067848915,0.007030801630013013,0.5901262823218081
HomeCare,CleanWave,paid_search,2023-02-01,6.362486834161794,6.526833657020845,4.664419590278843,225621.01280351783,34568.21862785177,0.029488329783247495,1.1226363545028504,0.006604621791804439,0.5646389435818933
HomeCare,CleanWave,paid_search,2023-03-01,5.542095768592336,5.687389797797268,5.06789734533649,267348.34937171644,47007.21400795506,0.0312319365151513,1.1298181514193881,0.0061555253142060555,0.5571492172640006
HomeCare,CleanWave,paid_search,2023-04-01,4.922147112024834,4.994018164743138,4.100905917194077,255840.73233376793,51229.43567565634,0.03318071613301059,1.209039829973953,,0.552447239001017
HomeCare,CleanWave,paid_search,2023-05-01,5.172430240178335,5.2724814657706425,5.199957431430259,261284.8457766501,49556.33271978887,0.03163592116328387,1.2138424709692077,0.00626348429610396,0.5409895252891128
HomeCare,CleanWave,paid_search,2023-06-01,5.078759808972693,5.1936420643430985,5.2927210353957435,259654.87169195485,49994.75675742327,0.031713766536661366,1.27271413770743,0.0064580071189948365,0.5586674817893676
HomeCare,CleanWave,paid_search,2023-07-01,6.129942528139436,6.368159205355781,3.458988004338385,273803.0467471097,42995.634675218935,0.02797178871318273,,0.006512307183666421,0.5724310523411577
HomeCare,CleanWave,paid_search,2023-08-01,5.8990788142067,6.213604271169719,6.529316763973239,290559.18033777695,46761.77748974651,0.028761890768681114,1.1555819080152847,0.00627759832924757,0.593579603551332
HomeCare,CleanWave,paid_search,2023-09-01,6.676250004999739,6.893533107980598,6.111095109011846,299002.4460964984,43374.33960393187,0.02670152945857677,1.1129616033031886,0.006454456490978459,0.5673956576608421
HomeCare,CleanWave,paid_search,2023-10-01,7.156684490175793,7.254607277374944,5.573387554264421,337176.43916006136,46477.559193537425,0.02709414068458168,1.1283699731375922,0.0067413762601744335,0.5564650560973188
HomeCare,CleanWave,paid_search,2023-11-01,4.929143700013437,5.141663359113347,3.9294710434856284,466465.98355808936,90722.77801527032,0.03263756774668041,1.3051008144441454,0.006789758949202334,0.5957005416705791
HomeCare,CleanWave,paid_search,2023-12-01,5.020115538782737,5.0684748487222695,4.362315100115596,520613.7226516659,102716.05131530037,0.03157861660561653,1.335744119681921,0.006490288416021511,0.5838394724503443
HomeCare,CleanWave,paid_search,2024-01-01,5.142087681541043,5.085048685391892,3.969183967017138,223925.83975543475,44036.12504216906,0.028894000319630058,1.3505942353065192,0.006004741757228002,0.5803600213103616
HomeCare,CleanWave,paid_search,2024-02-01,4.293780817768457,4.170695100529547,,204952.94140958192,49141.195045295775,0.02932354813620253,1.5030646309810907,0.005680531719623806,0.5736375708933843
HomeCare,CleanWave,paid_search,2024-03-01,4.8570730939423985,4.733898454129282,3.5116161247953523,268163.3364140641,56647.46276510236,0.028021157462391356,1.344363926361686,0.005533771571204822,0.5977004727428262
HomeCare,CleanWave,paid_search,2024-04-01,5.207960535976301,5.049227846642837,3.527600747768354,302686.1875279097,59947.02491573274,0.0264158917697325,1.4354443014159461,0.00577877237421543,0.6141842014192718
HomeCare,CleanWave,paid_search,2024-05-01,5.300116772443342,4.952230775556494,,293525.73317192233,59271.41655447956,0.03061197176714334,1.2952669701590813,0.006033335849556996,0.6236249329209608
HomeCare,CleanWave,paid_search,2024-06-01,4.7148207165935805,4.538773824037948,3.932950756086383,274259.43949082436,60425.88816351896,0.03156721522375221,1.2568303208020084,0.005497061546309384,0.6061431192097007
HomeCare,CleanWave,paid_search,2024-07-01,4.827245112404772,4.820630924410692,,273118.4576315377,56656.16428930941,0.0309546809359537,1.2062202318354143,0.005478808937059658,0.575239966449296
HomeCare,CleanWave,paid_search,2024-08-01,5.077331283015119,5.256481091385345,4.803281523571187,327331.395688502,62271.96293447217,0.029295585221746818,1.21513382118899,0.005738044007420265,0.6159602265516622
HomeCare,CleanWave,paid_search,2024-09-01,5.126567007435967,5.036549782076071,4.8240363239873405,309727.67557379324,61496.002020280466,0.028355747738409022,1.2624405078888254,0.005491900570294493,0.6191956094147387
HomeCare,CleanWave,paid_search,2024-10-01,5.502581000413011,5.230877826169124,3.6066191395738576,324625.63870790787,62059.495460564045,0.0309141056556569,1.1945085163907312,0.005815706425698171,0.5927610586065442
HomeCare,CleanWave,paid_search,2024-11-01,4.873464839622376,4.812427070893257,3.961967450333193,392367.3616678429,81532.11589241055,0.03046353635016827,1.2860766592909736,0.005757238834353396,0.6164510598722313
HomeCare,CleanWave,paid_search,2024-12-01,6.0875280420626465,6.138708243733579,5.283506597674523,381348.73685530294,62121.98425370442,0.0243745324574147,1.2078234645792472,0.005568320872808238,0.5892611131006388
HomeCare,CleanWave,paid_search,2025-01-01,5.022316176408936,5.087464186517258,3.8891101184856494,209256.07299317743,41131.704385801,0.029828551614510323,1.2592751549398709,0.005727269322796341,0.6138910292144885
HomeCare,CleanWave,paid_search,2025-02-01,5.007711362049461,4.911509608598873,3.878028502074282,246386.88264253543,50165.20424009173,0.02954670471598562,1.356292866144638,0.005953595778475739,0.6313693616064879
HomeCare,CleanWave,paid_search,2025-03-01,5.029354054487493,5.114335891773451,4.794489693825648,274781.03119792684,53727.60745728876,0.029637642291850026,1.2057091954239976,0.005650565835865753,0.5905709847969807
HomeCare,CleanWave,paid_search,2025-04-01,4.739231878691902,5.0184360925476765,4.64826217800513,289157.40262493904,57619.02658366711,0.030967902328900322,1.1850402407072336,0.005673411438303001,0.596725203417047
HomeCare,CleanWave,paid_search,2025-05-01,5.234873690020681,5.166409231885157,,294764.51347629074,57054.038936194556,0.03077010899708328,1.2188429595427164,0.005945941140030626,0.6050818729262464
HomeCare,CleanWave,paid_search,2025-06-01,4.397593373707217,4.329468348821823,3.9683344838775376,292710.7461295747,67608.9354502915,0.03112294227417569,1.3871344983646183,0.005676948658525376,0.6503481113506682
HomeCare,CleanWave,paid_search,2025-07-01,4.43463282853841,4.345176070192311,4.141653991797821,263436.41156844783,60627.3272504671,0.02935040306437885,1.318357954432059,0.00517717261302682,0.6068017114602139
HomeCare,CleanWave,paid_search,2025-08-01,4.600380429854808,4.560675509795502,3.422912419446767,280844.5347929932,61579.59148590822,0.02681980086300774,1.2862309191642622,0.004896281083234836,0.6257671109840286
HomeCare,CleanWave,paid_search,2025-09-01,4.900807923508736,4.822311156656541,3.537480186169787,299589.2367669887,62125.654491093286,0.027757186451962047,1.2552919619949745,0.00511948058330199,0.6073351022776509
HomeCare,CleanWave,paid_search,2025-10-01,4.280997319683911,4.385999530861677,4.057438571736872,264903.38824467355,60397.49580014898,0.030335448414261487,1.2031853022062429,0.004937923980718135,0.5679960471888064
HomeCare,CleanWave,paid_search,2025-11-01,4.555653002649888,4.719575830713847,2.394846959155602,346336.89351604873,73383.05515978212,0.028455337672972637,1.2581102585341881,0.00517206248715608,0.5667989539844385
HomeCare,CleanWave,paid_search,2025-12-01,5.8023137110302505,5.921808431933083,5.06036803548646,508356.31753475755,85844.7758616218,0.027096080183750523,1.2494691195927778,0.006054409241158234,0.5686823539425837
HomeCare,CleanWave,social,2022-01-01,8.996530325908754,9.10907463040014,10.738819479094506,101188.7911778817,11108.569781630686,0.010349904704821599,0.8606624143201894,0.002480068782455515,0.5939822902599963
HomeCare,CleanWave,social,2022-02-01,9.17159252507156,9.081113005290986,4.556728351259586,91800.14045003701,10108.908500153111,0.009656502841360035,0.8680900386563427,0.00231960740953624,0.6179605407521289
HomeCare,CleanWave,social,2022-03-01,9.010569646145195,9.116595912190673,9.09262909253874,116021.55534860857,12726.411970663858,0.010530337307779566,0.8281111381223228,0.0024443977774075447,0.5791573625218737
HomeCare,CleanWave,social,2022-04-01,8.700325488800496,8.553412186569656,8.02477435482504,110381.84501556297,12905.007102181005,0.009717906208062775,0.9131116608066939,0.002349710237529884,0.6121917768853352
HomeCare,CleanWave,social,2022-05-01,10.623310146098651,10.255634845456857,,133560.07649992956,13023.092037943934,0.009987255493446643,,0.0024636089995243387,0.6138115285288723
HomeCare,CleanWave,social,2022-06-01,8.030322826211751,7.633628632386667,7.245024864669781,104057.54556694537,13631.46552944266,0.010474973583758186,0.8723579629746998,0.0021698211933927625,0.6089358475956471
HomeCare,CleanWave,social,2022-07-01,7.766355077528518,7.450708847913982,7.741093619655094,106339.50928551872,14272.401654144787,0.01044814907254451,0.9641560260855764,0.0022944165052400755,0.5724345296884232
HomeCare,CleanWave,social,2022-08-01,7.897049471656984,7.76927728490917,,104546.53779235395,13456.404496647618,0.009360871235762562,0.9954434455280085,0.002266992456191507,0.5641860170253302
HomeCare,CleanWave,social,2022-09-01,10.881178114417414,10.73963984338039,7.958507421318356,119379.30196308081,11115.764001775426,0.008907443610757836,0.8411474840541374,0.0024758049485499815,0.6096638633187103
HomeCare,CleanWave,social,2022-10-01,9.216419834932227,9.060299954636557,7.785482142064931,120357.28641389796,13284.028897112375,0.00985132928034726,0.8747549649092833,0.0024383145977238388,0.6063827344551287
HomeCare,CleanWave,social,2022-11-01,11.10069413519151,11.118147860328593,11.560063748115692,174113.83172714763,15660.327053970457,0.009307069036707019,0.8135234833231406,0.002601606764965886,0.6156153113039082
HomeCare,CleanWave,social,2022-12-01,10.760174061022695,10.453144068552026,8.085276932008005,188588.0015992415,18041.270680139474,0.009997109410706362,0.8123405232175909,0.002600128855678127,0.5945932663494444
HomeCare,CleanWave,social,2023-01-01,11.24410162841618,10.892105914994929,9.371429883587938,104937.7315726808,9634.292247215048,0.009621299498916963,0.798069271638092,0.002507004224850245,0.6007769656587321
HomeCare,CleanWave,social,2023-02-01,11.35051879774728,11.342977297881074,8.630476963474088,96364.06788718374,8495.482742893706,0.009712232261883856,0.7833547941810702,0.0025792768928026154,0.5734518142373923
HomeCare,CleanWave,social,2023-03-01,12.013303767819645,11.514076850650417,,131375.91122643792,11410.025565272881,0.008875716255506327,0.8395280380599573,0.002627181272823237,0.590044088399986
HomeCare,CleanWave,social,2023-04-01,11.7585736755328,11.411626462373016,12.081142251763614,136591.82829746275,11969.5320161276,0.008788039932530314,0.8544173043134842,0.0026115713711295572,0.6071479004927782
HomeCare,CleanWave,social,2023-05-01,9.210493692379131,9.258466123725118,8.244792242515993,117781.92736007945,12721.53786449134,0.008574481466551282,0.9046748588032527,0.0022003034803124385,0.6170978918592379
HomeCare,CleanWave,social,2023-06-01,8.262328193248697,8.450746963982189,,92223.93371205778,10913.110297246401,0.009081146177724347,0.8928340257912462,0.002123039045197879,0.594995610729232
HomeCare,CleanWave,social,2023-07-01,9.568238500151661,9.385907311095718,7.908720192252587,107773.88648005055,11482.521924400822,0.009332848920483021,0.9085711286913137,0.0024162498865152467,0.5937339325477481
HomeCare,CleanWave,social,2023-08-01,8.425993286737203,7.992534238671187,,106437.30773060044,13317.091244428171,0.009713071136394849,0.9245411860891538,0.0022237325922168406,0.6134332381259276
HomeCare,CleanWave,social,2023-09-01,10.608201316038855,10.024137792922835,,141383.9521064668,14104.35042166775,0.009401356306185847,0.8526903102392691,0.002408905806741755,0.6087665822740932
HomeCare,CleanWave,social,2023-10-01,11.752357332713332,11.004591532582392,,105720.11913333453,9606.909881236248,0.00894093452589846,,0.002503727374464156,0.43397074172531924
HomeCare,CleanWave,social,2023-11-01,10.99170679014233,10.254374637373953,12.036975900811585,141807.74536848758,13828.999854524836,0.009294205011188283,0.8124669440411748,0.0023575306303382573,0.4684639672218581
HomeCare,CleanWave,social,2023-12-01,9.852884639008575,9.300137562317834,5.482667293132278,132940.68634774536,14294.486017754463,0.008813030611231398,0.8234150931886212,0.0020782855143671405,0.44301842312420975
HomeCare,CleanWave,social,2024-01-01,8.900022716924283,8.50753773978364,8.137215908579869,67546.12606977155,7939.562319413155,0.009736225961964317,0.8248895916273408,0.002103752821884557,0.46054331950364236
HomeCare,CleanWave,social,2024-02-01,10.436663244779938,10.013158891210121,10.111853028586971,78043.15917520903,7794.059799022851,0.009636861449233593,0.8598918577915766,0.002504408697296071,0.4344543160207146
HomeCare,CleanWave,social,2024-03-01,10.889302900297901,10.427656905822076,7.085275683195609,89876.77103009661,8619.076350691563,0.009448202803263129,0.7900161641330489,0.0023380169120932066,0.44783917303469095
HomeCare,CleanWave,social,2024-04-01,9.443247264404805,9.332476568695206,7.290773664489446,80879.31408257877,8666.436340582924,0.009787773086539822,0.8058053315279335,0.0022398779046382366,0.4574343117478357
HomeCare,CleanWave,social,2024-05-01,9.00511515762767,8.790604108758698,6.732045845859709,68915.30430091557,7839.6550963147565,0.00969273962162555,0.8173118323931148,0.002146582553628225,0.44323793262073463
HomeCare,CleanWave,social,2024-06-01,12.275709213100722,11.701012946400253,,84497.85655060226,7221.413815852372,0.0087036009364686,0.7935619577859749,0.0024069825300514366,0.42215279061957905
HomeCare,CleanWave,social,2024-07-01,12.987624209255335,12.643469938703955,,80357.7223754763,6355.669983402794,0.00841046910902888,0.7375733994897057,0.002364712085310656,0.3958211876837622
HomeCare,CleanWave,social,2024-08-01,10.39375596588997,10.285231160756384,7.411061416951249,81694.30112492641,7942.874578904316,0.00946241616076318,0.7890011501841975,0.0022816596082044266,0.40143288579407593
HomeCare,CleanWave,social,2024-09-01,11.8736785265279,11.666908220167848,7.567001259260047,94375.49950385552,8089.161046172845,0.009575213921960212,0.7352445960891515,0.0025236149393427633,0.4242193908658399
HomeCare,CleanWave,social,2024-10-01,12.212715910391376,12.253041754738602,12.356271791158184,90593.95962736252,7393.589399328313,0.00861342139811723,0.8160694701245379,0.0025598650430971306,0.4121358492943707
HomeCare,CleanWave,social,2024-11-01,10.809234773528017,11.1684117078153,10.809153943127534,111685.82428331918,10000.152860156917,0.009180633259888674,0.7918404355180075,0.0023659353611547233,0.4239779241102014
HomeCare,CleanWave,social,2024-12-01,10.229670685005393,10.176127145869842,11.2060801507952,107708.68751666274,10584.447891885686,0.009014970553229399,0.7933179352335247,0.002195724271406415,0.4052914253051027
HomeCare,CleanWave,social,2025-01-01,11.155434270421942,11.23249712784414,7.923927488470396,62591.00485229796,5572.314342920388,0.008722459190793983,0.8131204352722002,0.0024307091767446784,0.4139812749726821
HomeCare,CleanWave,social,2025-02-01,10.560409127306082,10.603234185717996,10.598385631790151,62004.21418180767,5847.669974631336,0.008373803194088144,0.8747449475888311,0.0024178206683941367,0.40431704723908696
HomeCare,CleanWave,social,2025-03-01,9.038111405927785,9.190068364673529,6.80215561950196,71262.46698287675,7754.291280009243,0.009404706485610462,0.8552212727483448,0.0021822185087282285,0.41596233194931304
HomeCare,CleanWave,social,2025-04-01,10.116033156778581,9.933653290207912,9.672148226107073,66861.53695419955,6730.810407899804,0.008336118813970094,0.7948524336206665,0.0019951132967250393,0.4164368566166265
HomeCare,CleanWave,social,2025-05-01,9.937013912606956,9.63463474483392,8.13810966770177,64090.581010217604,6652.102825650231,0.008302880381520774,0.7844460879304518,0.001970296075185093,0.405186708504719
HomeCare,CleanWave,social,2025-06-01,9.603068771011648,9.461975535815904,11.598251244671818,60830.632840827086,6428.95689283577,0.00884276513862017,0.7601935547872497,0.001936251349501358,0.4067866671517226
HomeCare,CleanWave,social,2025-07-01,7.5423332372997605,7.674384750797551,7.048447044185644,60243.84217033679,7849.989820236212,0.010048676041431752,0.7664508709467108,0.0017970756899824683,0.40321043674998674
HomeCare,CleanWave,social,2025-08-01,7.856801896180134,8.009737641373832,6.481119001577296,66894.13643589345,8351.601442019237,,0.7315698530149997,0.001843970590250876,0.3945175926018716
HomeCare,CleanWave,social,2025-09-01,8.820152728345295,8.81497451656289,7.8251096706223295,70480.07942222302,7995.494404413141,0.009530116961621909,0.7261369906832387,0.0019006343939904722,0.4290568069179161
HomeCare,CleanWave,social,2025-10-01,7.969290472752538,7.932149345204026,6.718839042670435,76119.78975526862,9596.363664193052,0.010466719654328438,0.7871033189134721,0.002003695078052526,0.42731108261599005
HomeCare,CleanWave,social,2025-11-01,10.308494321661813,10.251794212067608,6.896626814306348,105133.32846284423,10255.114986515193,0.009384299372468888,0.8071715849283898,0.002383487638259417,0.3952871731498429
HomeCare,CleanWave,social,2025-12-01,9.427813761925885,9.349082322877106,11.733646456163363,128409.35839229255,13734.969268382225,0.00963082593104528,0.8305599122200051,0.0023459682189898878,0.4009488196143378
HomeCare,GlowSkin,audio,2023-11-01,15.889052365609036,15.201959802272604,13.645885759107488,99738.65485825454,6560.9076826623495,0.0025297909938852064,0.7193977722217488,0.00109495726502162,0.6074602438648636
HomeCare,GlowSkin,audio,2023-12-01,13.420045262928367,13.545821273660911,16.617081683374447,121939.53341288386,9002.003713867718,0.002639832459927078,0.7643066491651994,0.0010712585263683808,0.5918535232338791
HomeCare,GlowSkin,audio,2024-01-01,13.250947084094502,13.752821545348404,14.099508281676052,62482.885004266034,4543.277522960336,0.0026567578731223817,0.7450438706068113,0.0010794862547601175,0.6052560182108215
HomeCare,GlowSkin,audio,2024-02-01,14.712635914412843,15.011848768502613,9.394979021714782,69196.55274587215,4609.4624195161205,0.002732997184635613,0.7090389816206922,0.0011567996957051487,0.6516775621200129
HomeCare,GlowSkin,audio,2024-03-01,13.250097367836286,13.434637534700459,15.757208501183495,81886.40199989281,6095.1701739914915,0.0026346801995347615,0.7808314340240189,0.0011153278554836268,0.6194783515501615
HomeCare,GlowSkin,audio,2024-04-01,12.303084854223087,12.557803998145943,14.776126664719463,77664.92910176169,6184.594783708066,0.002846913366444762,0.8027771006890012,0.0011020082266142237,0.6047594071058857
HomeCare,GlowSkin,audio,2024-05-01,14.988669382727176,14.548530058610616,,62075.996050229296,4266.822544968337,0.003223983978398712,0.6999380815236773,0.0013238532913189176,0.4431006155587763
HomeCare,GlowSkin,audio,2024-06-01,17.977857120939692,17.58951629573166,11.161955873599611,45902.160127269104,2609.6317462924153,0.0033417225725631767,0.5956703369761277,0.0013888164334621774,0.3030922552219984
HomeCare,GlowSkin,audio,2024-07-01,20.01306190113623,19.49229368137184,17.032934978221224,38171.27000057115,1958.2749277500477,0.0036136489938213712,0.6038467245606067,0.001652637532581361,0.20408256742362904
HomeCare,GlowSkin,audio,2024-08-01,15.730150130968287,15.126775806196182,14.669570885416467,34992.45004715916,2313.2788173422696,0.003701948760386057,0.6287792382012148,0.0015187875788416185,0.21582650647811905
HomeCare,GlowSkin,audio,2024-09-01,16.4371325461725,16.002192375208324,17.760575732435314,39824.25637634539,2488.6750166835773,0.004021660321995715,0.614032819314971,0.0015223031370087043,0.2134719174148439
HomeCare,GlowSkin,audio,2024-10-01,19.30192279107819,17.926292669079412,11.264109626566652,42519.89569683875,2371.9291256568736,0.0037173083406274563,0.5790842591935726,0.0015570618276663777,0.22674994844289886
HomeCare,GlowSkin,audio,2024-11-01,17.577637305286903,17.091534410048627,13.074410997342353,70747.8168831372,4139.3484742681985,0.0036262767358561333,0.6202200291082107,0.001534924713304219,0.2867893018594281
HomeCare,GlowSkin,audio,2024-12-01,14.521654195873495,14.454160327315185,15.469309124729003,127534.25653088895,8823.359755452362,0.002798462164997103,0.6971681222702562,0.001077520097257815,0.6220519982585592
HomeCare,GlowSkin,audio,2025-01-01,13.837162426525087,14.097391576229077,16.359667175425496,70900.40024090098,5029.327578617646,0.003018843278974022,0.7056724538540264,0.0011900041605655725,0.6173584547405199
HomeCare,GlowSkin,audio,2025-02-01,15.46423639820925,15.107297405110739,14.13080894939341,72629.6782955571,4807.589097371365,0.00303400792653926,0.697864580834862,0.0013032043150694097,0.5910410620766977
HomeCare,GlowSkin,audio,2025-03-01,15.523657440618422,15.018386700662234,16.36917149790233,86133.30545765122,5735.190282046286,0.002774418418947983,0.7335879102131345,0.0012007605900129716,0.6409126483310692
HomeCare,GlowSkin,audio,2025-04-01,14.62466081896871,14.487569725493124,13.612617288173979,89973.31996137291,6210.380461745141,0.003067910621171157,0.748509155326641,0.0012800194594569621,0.633711094881198
HomeCare,GlowSkin,audio,2025-05-01,13.896510191920045,14.087307853597968,14.35378567214267,73774.05347878541,5236.916396339217,0.002565612887384582,0.7459994866580081,0.0010647268631697516,0.650438950353665
HomeCare,GlowSkin,audio,2025-06-01,16.06678632386019,15.70910249340609,13.925016323309588,71205.56695642853,4532.758442840202,0.00266742810292911,0.7217768221083125,0.001163244665355846,0.6370200803206931
HomeCare,GlowSkin,audio,2025-07-01,15.960188189058103,15.600659271251292,14.783889540953362,70391.78904835506,4512.103483861878,0.0025250971671298846,0.7167757718605049,0.0010939338224547949,0.6295814274611561
HomeCare,GlowSkin,audio,2025-08-01,15.521037802876421,14.822391999004227,,81632.09640361984,5507.349718527476,0.0028357233596097565,0.7074309208127779,0.001175331111355273,0.5879886613556572
HomeCare,GlowSkin,audio,2025-09-01,14.42958781883527,14.01929726557339,13.852519442671106,71841.33094711092,5124.460205543163,0.0027828751067583957,0.7269769053118404,0.001094652415935123,0.54587422606954
HomeCare,GlowSkin,audio,2025-10-01,14.575530639037236,14.141596059081987,9.497930433814092,77105.45678996117,5452.387161097185,0.002584885911914205,0.772402204433657,0.001103772134801577,0.5973822310038067
HomeCare,GlowSkin,audio,2025-11-01,14.374421339713331,13.999380260896436,13.893409992783775,95517.18196012342,6822.957886709128,0.002538637255009487,0.7525044542526886,0.0010585621161086575,0.6036497060938997
HomeCare,GlowSkin,audio,2025-12-01,13.46249676824323,13.419756376923045,,110826.37885575554,8258.44938931495,0.002438618173971513,0.8498095687708326,0.001070288075303202,0.6106995025091156
HomeCare,GlowSkin,digital_video,2023-11-01,11.84768171973377,12.20862253184951,,166137.84604512414,13608.238407871848,0.005228429858855554,0.6182190808591608,0.0015535337913091215,0.704875930938905
HomeCare,GlowSkin,digital_video,2023-12-01,13.208561887296959,13.528929168986734,11.502009890258174,163823.6651190402,12109.13761708385,0.0046866062884711145,0.618791845116452,0.0015335552149353434,0.6807325993816186
HomeCare,GlowSkin,digital_video,2024-01-01,15.159142715178167,15.32299005468484,12.555485056923233,95161.15412534127,6210.3514905204,0.004597792701965629,0.5753521855216231,0.0016110196285652662,0.6799417322969624
HomeCare,GlowSkin,digital_video,2024-02-01,11.428804337065145,11.407842903291442,8.565934943649536,103680.3916004854,9088.51852882468,0.005043166086622289,0.6862884942101245,0.0015296163634416903,0.7461730803543134
HomeCare,GlowSkin,digital_video,2024-03-01,11.358044493049695,11.129486930751249,,122575.29740356625,11013.562275264052,0.004574908896498478,0.6956959304695882,0.0013808706343956497,0.7769417618069789
HomeCare,GlowSkin,digital_video,2024-04-01,10.963638451380353,10.679657730513911,11.405232022196872,117234.87988183412,10977.400478563155,0.004960646518071385,0.6843339242293595,0.0014563904501987608,0.7834362222924824
HomeCare,GlowSkin,digital_video,2024-05-01,11.099012721033091,10.777618856508623,,106299.73924209687,9863.007836643088,0.005189379689483641,0.6735186995795608,0.0014740440695843622,0.7324285754561656
HomeCare,GlowSkin,digital_video,2024-06-01,9.738286313969585,9.725101624347522,7.277030725693872,114488.37944208615,11772.460984413356,0.005803259672958407,0.6909937773324738,0.0015187350237561793,0.7023656777773785
HomeCare,GlowSkin,digital_video,2024-07-01,8.80975265007669,8.743395506530913,6.599413106173005,106477.75315948794,12178.078079614948,0.005899301859687156,0.6959299434033344,0.0013898946217768477,0.6788195953811004
HomeCare,GlowSkin,digital_video,2024-08-01,10.044133450136046,10.348273944240347,8.837232360350479,125754.11735697824,12152.182869779032,0.005748642464864148,0.676210721149576,0.001580019287621486,0.6647114168101423
HomeCare,GlowSkin,digital_video,2024-09-01,10.880292957553722,10.703578381586878,8.202680004628595,136765.54967559737,12777.55389831797,0.005961879414701744,0.6390694157406207,0.0016067633091987198,0.7158962369284433
HomeCare,GlowSkin,digital_video,2024-10-01,10.022243290928774,10.239780264250655,8.840743288650959,135570.31337311445,13239.572517627208,0.005843995190499577,0.6604266233165664,0.0015346419204520804,0.7031211445825444
HomeCare,GlowSkin,digital_video,2024-11-01,9.727747985132508,9.943592962254495,9.646561507326796,158737.55319358103,15963.802399810893,0.005454988066882223,0.675230623458713,0.0014297253470095417,0.6983246499459157
HomeCare,GlowSkin,digital_video,2024-12-01,11.840104173560949,12.38734279644163,7.948561219742367,201638.9072848292,16277.817656160425,0.004988076916912425,0.6583546069225652,0.0015419386687677242,0.7186975338782435
HomeCare,GlowSkin,digital_video,2025-01-01,11.070443113991512,11.596477377952114,8.684856644899254,84734.62467814995,7306.927950314659,0.004864464119722371,0.6631809720743019,0.0014195596892569444,0.6672948395010511
HomeCare,GlowSkin,digital_video,2025-02-01,13.163392434951382,13.559029602022193,11.668183744368942,95720.62643714178,7059.548451967832,0.004949627025715545,0.6152111940712708,0.0016414831391867355,0.6793900825247694
HomeCare,GlowSkin,digital_video,2025-03-01,12.454656558889452,12.853380063102247,15.38170888174227,104799.33622408642,8153.445685849611,0.005072242961564719,0.5924608113536994,0.0015280583151136876,0.6567707602002679
HomeCare,GlowSkin,digital_video,2025-04-01,15.74143043101163,15.648743442714242,15.929553508149901,123897.68650418564,7917.42077935785,0.004429531978936048,0.6096420096525641,0.0016635248477757595,0.6633465802730959
HomeCare,GlowSkin,digital_video,2025-05-01,14.989679964962823,14.855640142247397,12.852097372849547,126161.00631101498,8492.465158214922,0.004610795141405984,0.6102224012513416,0.001580816682505581,
HomeCare,GlowSkin,digital_video,2025-06-01,15.03572616115507,15.106554643142186,14.212240343441927,128373.46499858971,8497.865200313328,0.004806211030289814,0.600895573491255,0.001685289900592701,0.6562560305275037
HomeCare,GlowSkin,digital_video,2025-07-01,12.276022236390965,12.351278447587429,10.380776900898518,117768.92163400733,9534.958031572116,0.005095510464996106,0.6083684062765339,0.0015456268457528502,0.6768005209976471
HomeCare,GlowSkin,digital_video,2025-08-01,11.769117383745254,11.495003846275027,,115861.62966196013,10079.303253082882,0.005621044241865392,0.5922730786862664,0.0015224076075608054,0.6900386048271699
HomeCare,GlowSkin,digital_video,2025-09-01,12.567668303589969,12.128371764064605,11.382903588232255,128017.43716380757,10555.203918065325,0.005511989791410662,0.6135319645469266,0.0015777639659300049,0.6869486629934313
HomeCare,GlowSkin,digital_video,2025-10-01,12.351326916697293,12.38126926018652,13.882258525493762,127152.79813647951,10269.770850178893,0.005098626708061965,0.6397016849494763,0.0016009565313034983,0.7005983495852186
HomeCare,GlowSkin,digital_video,2025-11-01,14.222562161297272,14.469843810947916,9.573199317692739,182845.72372025755,12636.3301573384,0.0045458446732324015,0.6433649079648898,0.0016553551863882957,0.6766087250767501
HomeCare,GlowSkin,digital_video,2025-12-01,11.516810298861209,11.52008051265988,8.554381880494644,198434.65677178992,17225.110237182984,0.004969886148585064,0.6882885893543909,0.0015483457764364405,0.7021214232848798
HomeCare,GlowSkin,ooh,2023-11-01,4.760022431227885,4.658872392079455,4.285438922124026,50937.41093347369,10933.420503225705,0.001201380805710445,2.8077607866527234,0.0006221837555311353,0.5868417399099606
HomeCare,GlowSkin,ooh,2023-12-01,4.157929188642615,4.072466005191936,3.8607858080901405,59304.06505085404,14562.20014488716,0.0013281655441657408,2.9994233048171286,0.0006478748524683553,0.6031921696875501
HomeCare,GlowSkin,ooh,2024-11-01,4.016835277824488,4.074584817819378,5.775634259351338,63500.10738935787,15584.43626247585,0.0013208332037883497,3.223921444450941,0.0006720585681671146,0.5788362774507863
HomeCare,GlowSkin,ooh,2024-12-01,4.104840322114663,4.197922464717098,2.5060080675643617,64008.718581903784,15247.713391537687,0.0013405163445623165,3.1568764785792314,0.000688277890733932,0.5591122602666008
HomeCare,GlowSkin,ooh,2025-11-01,3.620793146074326,3.7480328198476944,3.233000907040763,60829.8986284918,16229.820162290813,0.0015335427658109838,3.2576917226597377,0.0007107856262087299,0.5224606804270756
HomeCare,GlowSkin,ooh,2025-12-01,4.308475663650112,4.401990374646628,3.744353665673523,63372.95459122139,14396.431885953109,0.0014629872716638652,2.781381739944573,0.0006862329476351316,0.49293666665111385
HomeCare,GlowSkin,paid_search,2023-11-01,3.541387534293973,3.3966727691746135,2.761402759940736,561811.9232862211,165400.66160766513,0.031501306462277584,1.3063172237921363,0.005524788157694177,0.6613915049932315
HomeCare,GlowSkin,paid_search,2023-12-01,3.997531783580476,3.795295005633979,3.0989802076026023,666026.3566388797,175487.3746705296,0.029693349899502314,1.1824657341284135,0.005266975195906481,0.6999908683211122
HomeCare,GlowSkin,paid_search,2024-01-01,3.8991249092143994,3.800198839552717,2.669311442157155,345804.7498119697,90996.4884502388,0.027923553341587807,1.270191072728068,0.005283306378213565,0.7114750064979318
HomeCare,GlowSkin,paid_search,2024-02-01,3.48573247848854,3.419708699850553,3.1123032251666545,338989.3598318544,99128.13914432794,0.028539245871192127,1.3354727948634317,0.005146114787689528,
HomeCare,GlowSkin,paid_search,2024-03-01,3.7105357582218277,3.6296937492854253,4.1090845649928625,436413.833764025,120234.34039027161,0.026989737897934345,1.4093154744856835,0.0054318408717048405,0.6918012669924607
HomeCare,GlowSkin,paid_search,2024-04-01,4.579453220432046,4.582017110827309,,478882.86834160914,104513.54867488571,0.024902294068887283,1.4325559059554487,0.006441034705527977,0.6933920472216234
HomeCare,GlowSkin,paid_search,2024-05-01,4.649331298544224,4.696624029536884,3.5769641489536568,423240.80387708574,90115.96440663356,0.026059644553001325,1.3259562468789423,0.006361445239885223,0.6731718027056851
HomeCare,GlowSkin,paid_search,2024-06-01,4.2372965627607995,4.183179140102066,5.378928089590836,462047.83786833927,110453.75356721292,0.03008269984416968,1.2387290541031202,0.00608773258876982,0.7103351482035929
HomeCare,GlowSkin,paid_search,2024-07-01,4.132200011485925,3.999165700961653,3.2298294267967105,434837.13906713267,108731.96350993165,0.029984833787757903,1.2132691004132121,0.005712616903389433,0.6755931266053128
HomeCare,GlowSkin,paid_search,2024-08-01,3.3244764179514004,3.249226266114337,2.2940380416466386,387383.71480259846,119223.37291267201,0.030317381510831465,1.3198792515434912,0.005234893023373172,0.6660649616614631
HomeCare,GlowSkin,paid_search,2024-09-01,3.9460912756949824,3.9948023396321726,,449866.5998068645,112612.98095872415,0.026322186644069896,1.3862277159265377,0.005640485358956982,0.699954229530617
HomeCare,GlowSkin,paid_search,2024-10-01,3.704599817075575,3.759735437340258,2.6047746024730634,467083.08867454383,124232.96704221601,0.028410103638558493,1.4053662037151553,0.005885387249657317,0.6900993901176572
HomeCare,GlowSkin,paid_search,2024-11-01,3.5577214532282824,3.7152153752033685,3.4258845013643167,581266.3014011024,156455.61365854443,0.029138372926742068,1.3184202585219764,0.005649657874381637,0.6755012694724893
HomeCare,GlowSkin,paid_search,2024-12-01,3.815570349223031,3.9167802369257805,3.188832765715074,743513.2718232503,189827.6714158521,0.028228566585821856,1.3885630059385852,0.0060754482143567335,0.7162910289685137
HomeCare,GlowSkin,paid_search,2025-01-01,3.936242337826383,3.979915384882397,3.0197150691060064,428199.7630044084,107590.1675274087,0.029178495419531145,1.2900809075446498,0.0059411709153714175,0.7439274847012151
HomeCare,GlowSkin,paid_search,2025-02-01,3.6620466471147948,3.711424732333969,2.669106631399795,443254.6543037676,119429.78405088716,0.029777837917820883,1.421732367306967,0.006113725932078897,0.7557090571740273
HomeCare,GlowSkin,paid_search,2025-03-01,4.010919652220501,4.023542661261501,2.777144470499594,534118.0438520958,132748.19948960945,0.027924477219323035,1.3702191295466548,0.006060893518138818,0.7668367336285323
HomeCare,GlowSkin,paid_search,2025-04-01,3.5344423775825264,3.508252261687886,2.5357970490882216,490555.495210538,139829.0255714173,0.029257741964305767,1.4494410296505404,0.005863362701340344,0.7444718537021384
HomeCare,GlowSkin,paid_search,2025-05-01,3.0571949276019725,3.024804159406934,3.1933234241305892,454876.42005344183,150382.10610720277,0.03170272618449238,1.4633449400307763,0.005466825261271965,0.7306740553353186
HomeCare,GlowSkin,paid_search,2025-06-01,3.4118631385570906,3.4830286186417907,4.332197468603883,419349.92825410946,120398.07138238079,0.030692480202128874,1.3114686874469608,0.005488112738622449,0.7095547475019149
HomeCare,GlowSkin,paid_search,2025-07-01,3.6784565161674765,3.749910197768855,,512146.0403341122,136575.5480328121,0.028869028447594276,1.364418350344783,0.0058424374927113845,0.7181788572692431
HomeCare,GlowSkin,paid_search,2025-08-01,3.604038733395676,3.6150356372564048,3.551882617037859,466574.4774819979,129064.97315641955,0.028942441017688773,1.372958599610867,0.005607248539692257,0.7047256538153485
HomeCare,GlowSkin,paid_search,2025-09-01,3.6400375512001872,3.5202973864170004,2.7320828487890148,503804.8167763591,143114.27742448132,0.03087298506362964,1.3596780936429402,0.005781172640657544,0.6985792919424183
HomeCare,GlowSkin,paid_search,2025-10-01,3.5280636748892067,3.472811686541964,,478196.24323167215,137697.1417957401,0.028332006253419778,1.4021969409246353,0.005369322771445663,0.722885484670915
HomeCare,GlowSkin,paid_search,2025-11-01,3.2604650583142107,3.187473552517164,3.1933682377633135,671875.3853531578,210786.18356615835,0.02997265008500306,1.5414205953005407,0.005743851078566785,0.7547025051978935
HomeCare,GlowSkin,paid_search,2025-12-01,3.3550492070368487,3.241891640093076,2.6830342141914976,740792.2019431297,228506.1575722072,0.028746951675560108,1.596493799847741,0.005826247764036395,0.7538410145716794
HomeCare,GlowSkin,social,2023-11-01,8.076925443505779,7.937905300289194,7.547110697163326,175165.69471281418,22066.992246233087,0.010034125783569627,0.7500932134414183,0.002335919958239792,0.5190257370215843
HomeCare,GlowSkin,social,2023-12-01,7.145247411306748,7.161657972011086,9.13056969566864,214811.93717176848,29994.721614923274,0.009902937690788706,0.8024270094950047,0.0022535573677442706,0.5570713395598997
HomeCare,GlowSkin,social,2024-01-01,7.094656701951725,7.104956246485518,6.421197851024736,102408.8636191206,14413.721924012885,0.008899876287606306,0.821575577064118,0.002057584218795011,0.5749660081530276
HomeCare,GlowSkin,social,2024-02-01,6.765512849885452,6.858001422164197,9.385905366513425,96000.36259304204,13998.300187395844,0.009022147085314524,0.804731255383492,0.0019181942548669097,0.5695941188911241
HomeCare,GlowSkin,social,2024-03-01,7.320792393053375,7.402053216556427,5.063447630772123,161102.59523891954,21764.582140341256,0.009904893915015365,0.8642912453475203,0.0024581636240872296,0.5731985719506412
HomeCare,GlowSkin,social,2024-04-01,7.6281038123980585,7.61071259124175,,154795.81645135017,20339.20143423705,0.009908047082977219,0.8737145682476501,0.0025955977992391448,0.5525315673786104
HomeCare,GlowSkin,social,2024-05-01,,,7.190023225069136,,,,,,
HomeCare,GlowSkin,social,2024-06-01,,,5.547670791239557,,,,,,
HomeCare,GlowSkin,social,2024-07-01,,,6.988030921446235,,,,,,
HomeCare,GlowSkin,social,2024-08-01,5.809947483892942,5.892106328596072,,158305.233679917,26867.34163496279,0.010550491765556145,0.9030128603825762,0.0022266674281433635,0.6489740740437762
HomeCare,GlowSkin,social,2024-09-01,6.068677930300079,6.187021196674752,,146251.14841657874,23638.378432448593,0.009745508782077078,0.8787174615236829,0.0020603296111216347,0.604964315891953
HomeCare,GlowSkin,social,2024-10-01,5.986596860067263,5.95714713044214,5.54251085992817,134909.11882280477,22646.59842517467,0.010385901259039005,0.8570141315108674,0.0020519593171806536,0.5641029879956112
HomeCare,GlowSkin,social,2024-11-01,6.050637864244536,6.284130703791028,3.720139802083897,186482.29374696084,29675.11379648129,0.010380777610303865,0.9106985974062081,0.0023106047302902536,0.5491661154194268
HomeCare,GlowSkin,social,2024-12-01,6.685777791137093,6.608203386422027,6.249958679467755,216108.8957127606,32703.124143667057,0.010501124762852304,0.8897114602298081,0.002411778749503917,0.5499784506637139
HomeCare,GlowSkin,social,2025-01-01,6.334380889377593,6.267195155845308,6.16113724894301,120235.68591785502,19184.927695400263,0.009968223926430946,0.9096262716514278,0.002227820852267217,0.6048493679074457
HomeCare,GlowSkin,social,2025-02-01,6.699032063046737,6.562047085584132,,114412.08776320427,17435.426212431645,0.009859854881559394,0.8624567774253881,0.002198609265975951,0.5848487687846428
HomeCare,GlowSkin,social,2025-03-01,7.4595102910832916,7.241544756879038,6.504643558522612,137731.91094143462,19019.68648479283,0.010005841390005007,0.8183326084154905,0.0023263463592656736,0.5594302550851837
HomeCare,GlowSkin,social,2025-04-01,7.548991718824123,7.5232456433524515,5.865766934690143,137452.17478553436,18270.32923044155,0.00977868159275447,0.7772623683502744,0.0022273252404511755,0.5420752673036411
HomeCare,GlowSkin,social,2025-05-01,7.191458012140787,7.327912076022991,6.103215654387477,143199.48126130324,19541.648395298507,0.010163935957173303,0.7783346634523641,0.0022526779400501486,0.5745529609736807
HomeCare,GlowSkin,social,2025-06-01,7.66373758851618,7.946946431800039,8.321347792300317,151337.26034203792,19043.44790049868,0.01049315682651271,0.7196798269339284,0.002313599257707678,0.5925997983026208
HomeCare,GlowSkin,social,2025-07-01,7.333714583842837,7.551165502757374,8.544622734272599,157491.45577184352,20856.575811288225,0.011779889774639195,0.6619454047000198,0.002351692598346031,0.5725005952098615
HomeCare,GlowSkin,social,2025-08-01,6.289252727530901,6.306770182901582,4.20532386219293,149938.57956253664,23774.225984805707,0.011431423339794064,0.8483220690385622,0.002357589649034005,0.5295915311234575
HomeCare,GlowSkin,social,2025-09-01,7.376394372616072,7.489592358457179,5.844780575043351,136358.66072156062,18206.419547999256,0.009835009481554009,0.7925828021417987,0.0022362249181115015,0.5177399800591304
HomeCare,GlowSkin,social,2025-10-01,5.699411515533669,5.67650388998759,3.5552339688841634,141114.17537186496,24859.346193837184,0.010720628923486733,0.8724108157163426,0.0021715040026681746,0.5712116447832608
HomeCare,GlowSkin,social,2025-11-01,5.599623187777779,5.902795761737342,7.378965094932175,164484.8596693499,27865.585446062913,0.010441419945456656,0.839046865377824,0.0020490804329564034,0.5838057524823715
HomeCare,GlowSkin,social,2025-12-01,4.728510272499106,4.936714838373709,5.082774971925427,195001.531222105,39500.26234173653,0.011645707168433267,0.8625641425019988,0.001910524133969383,0.5786110430330584
HomeCare,GlowSkin,tv,2023-11-01,6.01755491025168,6.154011324652566,5.807007426353675,89846.16716323643,14599.610306747174,0.0015507091023652692,2.6458155684572624,0.0010261279206652532,0.5766366092544486
HomeCare,GlowSkin,tv,2023-12-01,6.355409252960488,6.522510503913454,4.6555907737203395,96585.26546446983,14807.989256057073,0.0014263196310141369,2.870878103151817,0.0010726086814282594,0.540210402840051
HomeCare,GlowSkin,tv,2024-01-01,5.9032002617930335,5.796873246297351,4.537708284838471,52844.702905520884,9116.070105427007,0.0016634057369131591,2.770000032034946,0.00107074982440458,0.5705105971442276
HomeCare,GlowSkin,tv,2024-02-01,6.429941611022407,6.3835572383544585,5.907086593768598,56735.57852849716,8887.768435381391,0.0016230197856579608,2.6989882889102312,0.0011040155370390554,0.5835999941416383
HomeCare,GlowSkin,tv,2024-03-01,5.681167741199285,5.700982861961156,5.690383964870698,62482.885004266034,10960.019792582174,0.001500009472866937,3.0027451486526506,0.0009897963313336003,0.5784497159711189
HomeCare,GlowSkin,tv,2024-04-01,5.200135417533708,5.232849818159809,5.64710633696014,51674.89716266528,9875.096545544917,0.0014600543410154777,2.7537915631748233,0.0008451294105587282,0.5631926571483431
HomeCare,GlowSkin,tv,2024-05-01,5.012911842067744,4.981542829139212,,54624.8420794316,10965.446640327395,0.001589821739213301,2.76765437666012,0.0008790427052201749,0.5773265134110609
HomeCare,GlowSkin,tv,2024-06-01,5.684975326322114,5.797900869571897,3.7063088877258714,65941.44111357827,11373.330209843209,0.0015477318881704622,2.8026934967578137,0.0009878101980565414,0.5972250620429546
HomeCare,GlowSkin,tv,2024-07-01,4.167697113405254,4.179903949461042,2.953439021667792,53658.48081359435,12837.25211449251,0.0016312969579100425,2.856531400643638,0.0008166751912830663,0.6013941758531247
HomeCare,GlowSkin,tv,2024-08-01,5.189034485756078,5.168701024870036,3.635657970710769,64008.718581903784,12383.908118096895,0.001558411484811919,2.765499803058708,0.0008696439555190026,0.6393804135398972
HomeCare,GlowSkin,tv,2024-09-01,5.842424245192302,6.074599941912084,7.037328638678311,60601.02359184613,9976.134094646392,0.0014312473297158196,2.571168581094431,0.0008296580287921634,0.6426971092607964
HomeCare,GlowSkin,tv,2024-10-01,5.616399319858553,5.52761473769941,,65483.69104028695,11846.645279685541,0.0016788657077745112,2.588864790141071,0.0009195184559276452,0.6262551072291187
HomeCare,GlowSkin,tv,2024-11-01,6.869076328136036,6.581188994823614,4.597344484878491,108207.03121414407,16441.866553179603,0.0017328533239677664,2.569443124422504,0.0011296614825763163,0.6349329791631614
HomeCare,GlowSkin,tv,2024-12-01,6.664832604712891,6.597653151489401,7.951492772630459,110597.50381910989,16763.15824425278,0.0016916518641316024,2.457580742450195,0.001116275441318548,0.6247799048534388
HomeCare,GlowSkin,tv,2025-01-01,6.446698063605581,6.571360705501889,7.275223694124477,65076.802086250216,9903.093895266546,0.0016453154089712111,2.6303038234439695,0.001115136859842828,0.6181009470410743
HomeCare,GlowSkin,tv,2025-02-01,5.8248221836207765,5.866661835129192,3.6165365804563354,73494.31732288517,12527.450769840856,0.0018222335588072949,2.708052479429498,0.00117967737135275,0.6424141151262196
HomeCare,GlowSkin,tv,2025-03-01,6.265735817772405,6.507438452407182,,78809.30428499001,12110.649199584434,0.0018461951208468288,2.4465957978958452,0.0011652299710068414,0.6079607284805655
HomeCare,GlowSkin,tv,2025-04-01,6.465776158470777,6.421083341934291,4.0092090502437525,67543.56637009792,10519.029698460674,0.001919649727412827,2.4065499195746223,0.0011661349652801567,0.5594799198321792
HomeCare,GlowSkin,tv,2025-05-01,7.521984043982447,7.568573231745574,6.353098160474092,63779.843545258125,8426.930888075492,0.0017870169900598251,2.315727092079003,0.0012576438940680693,0.5056747729611631
HomeCare,GlowSkin,tv,2025-06-01,7.961067805322692,7.706947771262513,6.799682396898143,67162.10797568849,8714.488532817231,0.0017669277659068904,2.4430862160967846,0.001295266746126978,0.4657144093646427
HomeCare,GlowSkin,tv,2025-07-01,8.479323930026789,8.457017844019829,7.408560797836003,63830.70466451272,7547.661107236403,0.0017905115379710916,2.1807746625935867,0.0012879767128950973,0.4125508330722619
HomeCare,GlowSkin,tv,2025-08-01,8.476792478723707,8.483949174943305,4.920673387666613,64110.44082041297,7556.674315041661,0.0017065818995198074,2.099076198622684,0.0012517040872450755,0.40096667726127105
HomeCare,GlowSkin,tv,2025-09-01,8.448213671143948,8.21537647720696,5.422101424215319,60880.75974774639,7410.58671098716,0.0016994060279578824,2.266234468191792,0.0012128333798991824,0.40035850171488885
HomeCare,GlowSkin,tv,2025-10-01,9.413290124697646,9.310383940517806,8.554168973193377,66856.94126016092,7180.9005608465395,0.0016438671678254135,2.158371073293219,0.0012807692248145305,0.4278790984783323
HomeCare,GlowSkin,tv,2025-11-01,7.00098097632658,6.908493514508315,6.641532570321613,100959.32172036474,14613.7969889301,0.001710194882531402,2.4664636268236455,0.0011518076292425224,0.6095730898673899
HomeCare,GlowSkin,tv,2025-12-01,8.656806796696515,8.375293593947614,4.792772196248477,132035.46558492034,15764.876073160644,0.0015739774659506171,2.4079541886605536,0.001230544648480186,0.593804983579788
Snacks,CrispBite,audio,2022-01-01,20.832014337741175,20.87207974895323,,100417.34441277193,4811.08474194135,0.001972578184066383,0.7920784889597218,0.0009523428450770705,0.6889238150147067
Snacks,CrispBite,audio,2022-02-01,17.88975148236341,17.714406089341086,10.426304245260225,79122.7451999906,4466.576231850046,0.001983023926209709,0.7569185276817566,0.0008294800741856807,0.6719452829830118
Snacks,CrispBite,audio,2022-03-01,17.56039086018645,17.629376514703313,17.159241625404206,115989.02008711826,6579.3035840139155,0.0021428113184698717,0.8353610441866323,0.000951047521362668,0.7047268149891776
Snacks,CrispBite,audio,2022-04-01,16.69832838811636,17.216707959916864,13.71700358597387,120048.3030620547,6972.779194579218,0.0022654007024544534,0.8550311703959801,0.0010555151143238066,0.7088796243133774
Snacks,CrispBite,audio,2022-05-01,12.333511207489483,12.091851361192232,6.381220431722252,106339.90481882673,8794.344359881532,0.0025879045192383435,0.9023542335195498,0.000848767915417707,0.726393786122439
Snacks,CrispBite,audio,2022-06-01,13.642122180002191,13.014185601926714,8.099345587054984,98021.70200133402,7531.912099580183,0.002632489728064426,0.8278645965684968,0.0008535003700275602,0.6819723345621599
Snacks,CrispBite,audio,2022-07-01,14.592833176024303,13.877963209957901,11.640331569286255,96358.06143783548,6943.242317337703,0.0025863368461218864,0.7946940960670371,0.000823437487639053,0.6694638685508651
Snacks,CrispBite,audio,2022-08-01,14.846375876535934,14.489344871206695,12.617949548702923,88139.6770541527,6083.0684780858755,0.0025392604122592313,0.7467552759742052,0.000828115865863551,0.6390458040182639
Snacks,CrispBite,audio,2022-09-01,14.536239888077501,14.40415450102689,,85610.94339763491,5943.489664147354,0.0026790354600769416,0.7087395258940322,0.0008229652621524103,0.6330207784086253
Snacks,CrispBite,audio,2022-10-01,16.841019580944536,16.23270222486726,12.776441179348119,94827.51211941683,5841.757632573849,0.0025159113330640924,0.71458808961148,0.0008852157717003518,0.6791846165475859
Snacks,CrispBite,audio,2022-11-01,16.544442292394276,16.27922126839593,,140045.26263530715,8602.700358105427,0.002477310533634026,0.7207356198144628,0.0008763880341948187,0.7152137616334605
Snacks,CrispBite,audio,2022-12-01,15.535238371064988,15.594986367239738,15.116412875256001,137017.43680973983,8785.99272760964,0.0023099669343470634,0.7525475569687058,0.000828078042165129,0.6711966732676403
Snacks,CrispBite,audio,2023-01-01,15.824562425166322,15.213102865455157,10.658893916761937,77525.650259032,5095.978837760427,0.0025771722331383905,0.6898577010640893,0.0008360694798330326,0.6602364632313782
Snacks,CrispBite,audio,2023-02-01,16.60175357235279,16.19622498030614,14.13329669133449,83747.66596651655,5170.813943888149,0.002596995274983605,0.7153865445335015,0.0008778970959311744,0.6628884158728461
Snacks,CrispBite,audio,2023-03-01,14.994024802703459,14.190936860188518,14.269921445344073,94760.96649687688,6677.569453692717,0.0024449848013847614,0.7975121764830666,0.0008145109058540794,0.681545274626453
Snacks,CrispBite,audio,2023-04-01,13.041375582359528,12.977733167708605,,79655.11018031013,6137.829245750652,0.0024350800715108537,0.7913652972860562,0.0007486460481219656,0.6336615669325246
Snacks,CrispBite,audio,2023-05-01,16.11441400869923,15.876251610486424,15.023403067009767,93629.69091369788,5897.468320031822,0.0025221966542472727,0.7497417137085968,0.0008998851641728434,0.6065493593806013
Snacks,CrispBite,audio,2023-06-01,17.443956850592784,16.503780102434536,13.073779249427423,93796.05497004773,5683.307362790874,0.002464841554527726,0.6838295467201149,0.0008576681115897224,0.642469121503067
Snacks,CrispBite,audio,2023-07-01,16.883146172609873,16.269665239878258,12.961797391752658,91799.68629384949,5642.383229179238,0.0023850258121741585,0.7304055960102573,0.0008571604779593246,0.603420403037333
Snacks,CrispBite,audio,2023-08-01,19.76415274508098,19.405332711171628,16.391125874893604,95626.05958989613,4927.823759231107,0.002315186869631615,0.6436551409654007,0.0008429422199746212,0.6164756257524977
Snacks,CrispBite,audio,2023-09-01,16.76279354772686,17.01121550539341,11.444479372190369,110033.18686979348,6468.273054027646,0.002418679483659412,0.7430526196470587,0.0008841403105108813,0.6405407818075022
Snacks,CrispBite,audio,2023-10-01,18.326059299398842,18.051975059332527,17.676707561176517,123042.85607635208,6816.032908971989,0.0023814656155369133,0.73298558005936,0.0009762272751191605,0.6626711741234685
Snacks,CrispBite,audio,2023-11-01,17.495740548533252,17.631297199442276,10.288810388555637,159243.67473808033,9031.875132994617,0.002342930468994955,0.7709667206994978,0.0009724738166061144,0.6627944973520643
Snacks,CrispBite,audio,2023-12-01,16.848877608898064,16.970367021604595,12.258403991968056,146333.82396533166,8622.902720903876,0.002185623552242155,0.7907292728935237,,0.6571423236033821
Snacks,CrispBite,audio,2024-01-01,14.317815212193553,14.803327493966098,11.864352118592933,83914.0300228664,5668.592419985988,0.002295290757912488,0.7867581429543357,0.0007909826041794369,0.6844362930681327
Snacks,CrispBite,audio,2024-02-01,13.888253010715955,13.694128571425395,12.133156517930026,70871.08800503783,5175.2900986280865,0.0023277702272644163,0.8197830031091535,0.0007998642444724741,0.68786525823631
Snacks,CrispBite,audio,2024-03-01,15.47241682967394,14.941351326609484,13.691055114436253,85976.94432160459,5754.295072928629,0.002327831917971305,0.7501362368568152,0.0008126086744105637,0.6662418998281184
Snacks,CrispBite,audio,2024-04-01,13.775588440568391,13.473998584524441,14.374992811454383,83381.66504254687,6188.338563306283,0.0024058838310041467,0.7555968941765913,0.0007433718983514074,0.6697067116647717
Snacks,CrispBite,audio,2024-05-01,14.92345077737288,15.101089465180031,12.40734762574833,95260.05866592645,6308.158023007301,0.0025389484466384242,0.7363322076581419,0.0008338843918142806,0.6807975497977182
Snacks,CrispBite,audio,2024-06-01,12.86616898817006,12.52340950195255,8.696729636315757,99485.70569721275,7943.979287884959,0.002618479482447363,0.8129327965498321,0.0007910966205756281,0.7221661364494101
Snacks,CrispBite,audio,2024-07-01,13.754267238500764,13.625537851723571,10.774846843056398,118817.20904506579,8720.184871824045,0.0026478637071815745,0.8412294879243725,0.0009008449407476355,0.725211437556453
Snacks,CrispBite,audio,2024-08-01,13.102509645122474,13.35703479416662,10.154919672316534,125837.77222302962,9421.085904334575,0.0025480314485330393,0.9575247387269616,0.0009896365328696734,0.7381478136381772
Snacks,CrispBite,audio,2024-09-01,15.17663682765408,16.018554361448153,14.01170087666267,114591.56201377949,7153.676881702068,0.002434223276283279,0.81116644536819,0.0009370260932664609,0.6998571405522088
Snacks,CrispBite,audio,2024-10-01,16.137472418864796,16.966988708272243,10.384454104065043,129730.69114161622,7646.064565267619,0.0022887571419496077,0.7794948073470914,0.000939476181855467,0.6771794915365378
Snacks,CrispBite,audio,2024-11-01,15.849719209237538,16.95050874338909,12.625274380388356,140910.3557283264,8313.045812461716,0.002261773816744629,0.7238176588995835,0.0008519656280904848,0.669828436242225
Snacks,CrispBite,audio,2024-12-01,15.259990147985222,16.172284685603564,,147298.7354921608,9108.096867926455,0.002336095545019139,0.7843018055563985,0.0008940363483224573,0.6673992665092687
Snacks,CrispBite,audio,2025-01-01,16.437389874140827,16.76764698457436,,94095.51027147747,5611.730158563214,0.0022635932776869047,0.7543661995648896,0.0008615577860547104,0.6437021143945542
Snacks,CrispBite,audio,2025-02-01,12.809266853504756,13.08885583905064,8.508796576142721,83880.75721159643,6408.5629976409355,0.0023487317576445788,0.8532236716337286,0.0008090355463402396,0.6864812983542171
Snacks,CrispBite,audio,2025-03-01,14.269055424852983,14.35194422396845,10.645723373626774,114957.56293774917,8009.8947671329715,0.002244948804520854,0.8483260715031743,0.0008174447512013873,0.7044988857725673
Snacks,CrispBite,audio,2025-04-01,15.74062253440447,16.065870275618938,8.193811179299184,104809.35550040807,6523.727236828463,0.0020732278176082003,,0.0008135033717876197,0.6857873756201489
Snacks,CrispBite,audio,2025-05-01,14.46700750587234,14.637879708322457,11.647508426486818,117985.38876331651,8060.278613728134,0.0023334256137512743,0.8115463767346087,0.0008184384727461465,0.6978651216178395
Snacks,CrispBite,audio,2025-06-01,15.802760495725611,15.250610475395831,17.409126118416523,125139.04318636024,8205.51042125494,0.0023086079646555155,0.8640107845903906,0.0008896280935809426,0.6949997932453751
Snacks,CrispBite,audio,2025-07-01,16.03349363865518,15.787391470757099,,110299.36935995326,6986.548066807629,0.002238119197754643,0.7980066324166338,0.0008433817790319755,0.7058519315899721
Snacks,CrispBite,audio,2025-08-01,20.978564198296812,20.58948926205758,12.327127981346987,120946.66896634392,5874.1947129900445,0.002153804662917642,0.7264648420714871,0.0009477202788699774,0.6600921086836772
Snacks,CrispBite,audio,2025-09-01,15.658116540814833,16.033427449101357,11.230321462639214,103045.89650309962,6426.941265691457,0.0023263839150941164,0.7668465893916546,0.0008523589988649178,0.6610172183533691
Snacks,CrispBite,audio,2025-10-01,16.177661823184764,15.869162114479325,15.04482580786458,100217.7075451521,6315.248834323241,0.002581247835155683,0.7564078134295413,0.0009471780958779935,0.663860482006927
Snacks,CrispBite,audio,2025-11-01,15.777655370347855,15.749986397262537,17.36720947074824,112362.28365869145,7134.119409666337,0.0024803865220140503,0.7362352331957004,0.0008684601977704641,0.6831503322811395
Snacks,CrispBite,audio,2025-12-01,15.983770676295727,15.592523257054342,,144803.274646913,9286.712115782886,0.0024429348514225613,0.7568015741001455,0.0008714457582434281,0.6636525675517481
Snacks,CrispBite,digital_video,2022-01-01,9.687201317721469,9.929196028432475,7.106979419200972,80054.38391554978,8062.52426544025,0.004488939013735919,0.676272795289402,0.0009141684311810425,0.5590391834220733
Snacks,CrispBite,digital_video,2022-02-01,9.641965705136549,10.32399394161629,,117453.02378299698,11376.704059224674,0.006968665124505882,0.6869990373927943,0.001476864564311724,0.5458652177007548
Snacks,CrispBite,digital_video,2022-03-01,10.511694482198715,10.889391408153081,7.442038607576163,148263.64701898996,13615.420868055337,0.00725777018488451,0.6552175586167149,0.0015476869763838327,0.5589229601555435
Snacks,CrispBite,digital_video,2022-04-01,12.085672507795525,12.690390363546573,14.082110735376052,69773.0852331288,5498.103938043823,0.007399930215013264,0.5309099978798594,0.001518371255628527,0.2829686425223386
Snacks,CrispBite,digital_video,2022-05-01,13.758061354400454,14.565512925508811,17.237536675799934,89437.31669368155,6140.34789925239,0.006097698915026292,0.5493735259239858,0.0014817090440420733,0.35358796330906894
Snacks,CrispBite,digital_video,2022-06-01,15.664312680036293,16.79501915198654,15.372042586235663,67410.71563296087,4013.732584817412,0.005605628730822063,0.5294463243394555,0.00143315154859684,0.28405446886679103
Snacks,CrispBite,digital_video,2022-07-01,14.072464835277342,14.448685262069315,10.105336459087347,47946.121040027945,3318.372583413945,0.005587041095519139,0.4840806102719103,0.001140660219950666,0.2505449198948694
Snacks,CrispBite,digital_video,2022-08-01,16.79241958197739,16.804266306292533,,52504.49618401395,3124.4741797714246,0.00423903933690963,0.5356547539467554,0.0011686387372427491,0.2787135377664877
Snacks,CrispBite,digital_video,2022-09-01,12.659686440129782,12.162804763516416,9.232660529389536,102114.25778754044,8395.617604077857,0.004644416226475347,0.6817945106446205,0.00111929508012004,0.5638095580959428
Snacks,CrispBite,digital_video,2022-10-01,13.700733134045588,13.552718412708455,,98054.97481260399,7235.077998865329,0.004198227000136408,0.6643781449830422,0.0011048790658124575,0.5877706983463845
Snacks,CrispBite,digital_video,2022-11-01,12.011146240474044,11.86769473558048,8.776429162767256,132359.2432319439,11152.902579733389,0.004707679550451642,0.6451239345056333,0.001050292882273347,0.5781324775504315
Snacks,CrispBite,digital_video,2022-12-01,12.240389088530737,12.509817811718769,,153387.65995456546,12261.38240085936,0.00451958456946435,0.5738735561574164,0.000979895537551327,0.5722897338147329
Snacks,CrispBite,digital_video,2023-01-01,10.40392115939145,10.634014940927326,,91866.23191638943,8638.903784385539,0.004978189297322901,0.646576138341856,0.0010515539891749386,0.560296370146657
Snacks,CrispBite,digital_video,2023-02-01,10.805580420233124,11.092806929014559,9.430951371998072,99818.43380991244,8998.482931207018,0.005923635993827358,0.6143986707092051,0.001194460357390035,0.5447898664718644
Snacks,CrispBite,digital_video,2023-03-01,12.44291043619655,12.52106611174154,7.017232487750002,117819.02470696667,9409.663973939305,0.004894849942638384,0.6310551924042187,0.0011895843068492607,0.5380804146311647
Snacks,CrispBite,digital_video,2023-04-01,11.753534155221837,11.532922808402338,,101947.89373119058,8839.727398237348,0.005116123163589606,0.5801107362014272,0.0010764727584940193,0.5397685765782924
Snacks,CrispBite,digital_video,2023-05-01,12.230146928608916,11.81624621048838,,119050.11872395559,10075.121709827261,0.004509379865712506,0.6914977151562979,0.001114414036159298,0.5730411170905999
Snacks,CrispBite,digital_video,2023-06-01,12.660536661391337,12.615702822232288,12.10543760536737,117819.02470696667,9339.077367876613,0.004785037833140491,0.6296997753271265,0.0011197720610947484,0.5548665667877398
Snacks,CrispBite,digital_video,2023-07-01,15.144953904037989,14.77451146354546,,121578.85238047336,8228.959223488118,0.004774277454713762,0.5637818048429788,0.0011868512438427741,0.5489959962995065
Snacks,CrispBite,digital_video,2023-08-01,14.182469366562684,13.96885147474925,,117186.84129283721,8389.153646931505,0.004868183539701103,0.6070738582337003,0.0012126150468650919,0.5265177000459117
Snacks,CrispBite,digital_video,2023-09-01,12.501009494319376,12.469338364279734,7.70824661131145,87341.12958367339,7004.471851840591,0.0046169861983719,0.5681297633093187,0.0009803129148828432,0.5440685177233927
Snacks,CrispBite,digital_video,2023-10-01,11.07174761867461,11.234669595681655,7.541556425161587,107537.72602454567,9571.95270485575,0.004961044213477813,0.6325636204636367,0.0010741023624102743,0.5686918107191895
Snacks,CrispBite,digital_video,2023-11-01,11.14623325714159,11.399199105035402,7.851725915006077,139080.351108478,12200.887959491964,0.004516449435445835,0.6648622941252228,0.0010277026711513115,0.5899383187581135
Snacks,CrispBite,digital_video,2023-12-01,10.995812143974053,10.724516076340693,8.578094911412174,149428.19541343892,13933.32755993455,0.005033933720028613,0.6063240887699979,0.0009685483563440805,0.5748573821285697
Snacks,CrispBite,digital_video,2024-01-01,11.01748787175551,10.765033975196806,,80586.74889586931,7485.972555362607,0.004875356054166976,0.6153697127301773,0.0010155916510334085,0.5725968714858943
Snacks,CrispBite,digital_video,2024-02-01,14.00929364543525,13.74505672666791,,84579.48624826582,6153.447594302484,0.004474443322494266,0.5868810294995216,0.0010877253960818447,0.5563294815001174
Snacks,CrispBite,digital_video,2024-03-01,10.403376494666018,10.336016865287617,6.780470356293889,101415.52875087105,9811.857901612373,0.005112550315372997,0.6119789123440637,0.0009923808700503568,0.5596117486970061
Snacks,CrispBite,digital_video,2024-04-01,11.089791214948416,10.462071897425673,8.408854422103175,123009.58326508211,11757.669462714186,0.0050289620724230065,0.6798305558088572,0.0010929921415777414,0.5573935854964815
Snacks,CrispBite,digital_video,2024-05-01,12.457378319568763,11.656011742414815,9.106341947447756,116754.29474632759,10016.658984777174,0.005566735911319501,0.6088044116439053,0.0011624630865330599,0.5507534680662047
Snacks,CrispBite,digital_video,2024-06-01,11.661205673858044,11.340831864228788,8.580818175563238,112695.01177139116,9937.10277346174,0.005710539567395764,0.5977564228502009,0.001157958420926225,0.5480533828193556
Snacks,CrispBite,digital_video,2024-07-01,11.027402927247367,10.895304464703198,8.55733108820751,103977.5352186588,9543.334521353487,0.005198557516961839,0.6572997121946061,0.0010916271098758638,0.5526852701754307
Snacks,CrispBite,digital_video,2024-08-01,11.041303167794526,11.008317037956212,10.249150744647395,102546.80433405006,9315.393441202048,0.005079576070488641,0.6198278954822043,0.0010407645512320073,0.5405285465506758
Snacks,CrispBite,digital_video,2024-09-01,11.03134407178622,10.973477621972695,7.582857471386092,108236.45506121506,9863.45976999017,0.005064006040317586,0.6706642938729972,0.0011467190433112316,0.5336768181987617
Snacks,CrispBite,digital_video,2024-10-01,9.62464486428062,9.747057407396655,7.025473840042518,122510.49109603255,12568.97194460599,0.005475189457371225,0.6431773587455731,0.0010397049630526344,0.5688631745365261
Snacks,CrispBite,digital_video,2024-11-01,9.814992008094995,9.796957272612403,,192649.57725313102,19664.225523539528,0.0054160365966984736,0.7292499730591332,0.0011487019235919386,0.6121287179360134
Snacks,CrispBite,digital_video,2024-12-01,11.101810683925322,10.733633153121966,9.05203777518451,186593.92560199634,17384.041632513214,0.005299270948631114,0.6578385541706355,0.0011343049227416173,0.5606624298439185
Snacks,CrispBite,digital_video,2025-01-01,11.842490761104145,11.933811695451972,13.302343355689919,157946.03509855145,13235.170717394962,,0.6142750727464477,0.0017837100313478783,0.5260890914252625
Snacks,CrispBite,digital_video,2025-02-01,11.247901312392862,11.604070915094395,,129897.05519796607,11194.093533933681,0.007896798798680774,0.5811490776624276,0.0015926758667532915,0.5097624533067546
Snacks,CrispBite,digital_video,2025-03-01,11.824012450390473,12.201853072197927,,119915.21181697483,9827.622993609317,0.006476783801845198,0.5471341161123102,0.0012899390520473768,0.4775177318065612
Snacks,CrispBite,digital_video,2025-04-01,14.506382599131397,14.956357664455009,13.675802922682417,117918.84314077657,7884.195188847364,0.0072061425408274276,0.5023060135606119,0.0016200897795020613,0.4242204338186426
Snacks,CrispBite,digital_video,2025-05-01,13.66134962390663,13.315087309826213,10.60916141079212,125172.31599763021,9400.788225042736,0.007688345730399735,,0.0017032068053582901,0.4033646709526042
Snacks,CrispBite,digital_video,2025-06-01,14.173386780034651,13.631659028563984,9.486619149545584,156382.21296886285,11471.986838959014,0.0073962972447102,0.5977483763525956,0.0018216898032301443,0.4248428911017923
Snacks,CrispBite,digital_video,2025-07-01,14.687581471941472,14.023432362939664,10.388195791534628,139546.1704662576,9950.928335850384,0.006939589581232846,0.5989483770224139,0.0017823761304283168,0.391808888577625
Snacks,CrispBite,digital_video,2025-08-01,19.221986844975113,18.757605665068663,15.036524817437174,111896.46430091186,5965.391654932322,0.005923460839608022,0.4863355335832645,0.0015811985629394741,0.3769332776213876
Snacks,CrispBite,digital_video,2025-09-01,17.04364911174292,16.882177172807193,13.110872047862406,97589.1554548244,5780.602493143788,0.0050382065384200585,0.5579193604038015,0.0014493211099734335,0.38003894378299413
Snacks,CrispBite,digital_video,2025-10-01,11.275819536316229,11.587273899444032,8.15403788033301,89869.86324019117,7755.910839779425,0.004989757701818277,0.5781952318308801,0.0010031104816373908,0.5308957605682727
Snacks,CrispBite,digital_video,2025-11-01,10.331128912986495,10.327506202945939,7.99134922701581,128433.05150208736,12436.017851575012,0.0049073972063348875,0.6982996154514578,0.0010751558019648207,0.5001387960271024
Snacks,CrispBite,digital_video,2025-12-01,13.3556328218956,13.204793351812222,,168327.15221478237,12747.427977862388,0.005126987469088405,0.5873578757712016,0.00121021707459156,0.48874430985694955
Snacks,CrispBite,display,2022-01-01,10.562406929536412,10.359256915875163,10.641363468280005,54900.13859545185,5299.6212992188175,0.003199992852432615,0.5943944929585933,0.0005724472972618726,0.6212229921867571
Snacks,CrispBite,display,2022-02-01,8.146533729715193,7.950799193828006,,46349.02609906935,5829.48015276865,0.0035684015428303927,0.6129842431933387,0.0005275285408303071,0.6362909075744293
Snacks,CrispBite,display,2022-03-01,9.1446809103156,8.828605371768123,8.011303480811316,61155.42711420636,6926.963494117376,0.0037383845859995323,0.5787903989068663,0.0005594435377856825,0.6176918565819822
Snacks,CrispBite,display,2022-04-01,9.805843989487094,9.987549913366431,7.42805632403309,57362.326629429685,5743.383224814842,0.0037070976895621373,0.5285646258802542,0.0005932242066604874,0.61654485136573
Snacks,CrispBite,display,2022-05-01,9.311643697845076,9.761111657816388,10.373983455485414,57195.962573079836,5859.574665071998,0.00363592003150712,0.523877931611265,0.0005471076329468613,0.6238192566282913
Snacks,CrispBite,display,2022-06-01,10.934835520091706,11.470627951322331,,66845.07784137137,5827.499429415761,0.003496430348390071,0.4925202357518392,0.0005995291131408447,0.6305017085323973
Snacks,CrispBite,display,2022-07-01,11.062750460721622,11.44407990207177,11.375053938759477,69174.17463026932,6044.537894020334,0.0031712825283748292,0.564119262157754,0.0006270324235951712,0.6407326075415911
Snacks,CrispBite,display,2022-08-01,11.166270074044043,11.31116571685729,6.320309080090559,65148.16446660286,5759.633100371879,0.0031687901028130544,0.5789739747056573,0.0006020098276265829,0.621855388255145
Snacks,CrispBite,display,2022-09-01,11.771940548797506,11.782832324936578,9.704672724945736,58759.78470276846,4986.898148284117,0.003230642949881111,0.5176352655474483,0.0005997669416468906,0.5914056616619847
Snacks,CrispBite,display,2022-10-01,10.722862937149303,10.46268767293692,11.829254665167293,57495.41787450957,5495.281869421451,0.0032964418432512286,0.5351331063805094,0.0005319667016761082,0.6422308818272775
Snacks,CrispBite,display,2022-11-01,11.180772742210902,10.726536614254105,10.102958133104933,115689.56478568853,10785.360545169153,0.004774149600667207,0.5098979077708563,0.000772778560588326,0.6958350836021587
Snacks,CrispBite,display,2022-12-01,9.106011836886266,9.036997551531229,9.28701581825527,134322.3390968722,14863.602466519715,0.005022307589911236,0.5911861612648045,0.0008116894989906359,0.6820976648390629
Snacks,CrispBite,display,2023-01-01,14.539477131044967,14.389779913428955,12.424149620635239,24222.606604538756,1683.3201584920369,0.004774556800543629,0.4117710759520638,0.0009145246388660627,0.1902025844671364
Snacks,CrispBite,display,2023-02-01,15.864282007210383,16.066184472354397,,26551.70339343671,1652.645246239086,0.004521846712334157,0.4312748554903669,0.0009387071132348018,0.19593790633248576
Snacks,CrispBite,display,2023-03-01,15.379829343938109,15.573882400026248,17.612659073793445,33339.35689251076,2140.722270540233,0.004458640380660074,0.4215679934108375,0.0008499275223143356,0.22398223882045395
Snacks,CrispBite,display,2023-04-01,13.982350158271204,13.993025374250207,,30777.350424723005,2199.4779257214173,0.0042939994620186505,0.44933154764482475,0.0007833481481856764,0.2371859820059163
Snacks,CrispBite,display,2023-05-01,17.213485220936903,18.673932175833105,13.221016267583698,26119.15684692709,1398.6961396769575,0.0036707826341037786,0.3713023997018735,0.0007190212261716578,0.20620231550228846
Snacks,CrispBite,display,2023-06-01,13.235034969265866,13.180513225982702,,69939.44928947865,5306.276629016786,0.003338501747920183,0.5032030942642756,0.0006567382463610057,0.6185417579226142
Snacks,CrispBite,display,2023-07-01,11.336288328877608,11.162139397936405,8.763295030413904,68042.89904709032,6095.865373233891,0.003300159414358902,0.5725430049059727,0.0006382155661849733,0.6258734807816677
Snacks,CrispBite,display,2023-08-01,12.175189149225696,12.217212941939668,7.057138321800751,80021.11110427981,6549.8662816607375,0.003302076951018103,0.5325527507651628,0.0006415957783393568,0.6465478132677468
Snacks,CrispBite,display,2023-09-01,12.786622286993799,12.274712659915044,11.223425305301411,76361.10186458302,6221.009320564538,0.0033914874617706424,0.5095011728554085,0.0006249883162116398,0.6312406196894605
Snacks,CrispBite,display,2023-10-01,10.363994183872649,10.168882609121987,7.668055516928214,67676.89812312064,6655.293479581635,0.003861796544492573,0.5162343685682311,0.0005970006200067048,0.5922591150227497
Snacks,CrispBite,display,2023-11-01,10.894998256377052,10.728779330822903,10.00712597340978,95459.69553354627,8897.53555274442,,0.5144868481984747,0.0006224689434354853,0.6189078562323456
Snacks,CrispBite,display,2023-12-01,9.6656355971169,9.675649443211393,5.036653930849323,97356.24577593461,10061.985642136042,0.0036872875983285456,0.5461050552041271,0.0005987797749470577,0.6482113605095077
Snacks,CrispBite,display,2024-01-01,12.283363195890667,11.84521538844872,11.070813076657906,63517.796714374286,5362.316735609207,0.0032103247675847437,0.5340952923913553,0.0006185214268060949,0.638531975014287
Snacks,CrispBite,display,2024-02-01,12.642064885420425,12.374168012206376,12.641959207807828,61188.69992547633,4944.87385859941,0.0031404571448708273,0.5396566472333744,0.0006179941080850225,0.6438470654242662
Snacks,CrispBite,display,2024-03-01,11.366392939963259,11.17111910294817,9.76683669103161,68342.35434852005,6117.771524831726,0.0034375620935048427,0.5174904013560926,0.0006052513446372905,0.6263709411197865
Snacks,CrispBite,display,2024-04-01,10.761018371828111,10.359025881369481,8.340163470291342,68475.44559359994,6610.220534032237,0.0034654884659152834,0.5470225532962791,0.0005960649051849383,0.6061777750697982
Snacks,CrispBite,display,2024-05-01,12.361270235304668,11.902271822332446,,68042.89904709032,5716.79928527764,0.002525981168998455,0.6400357462245454,0.0005833754860156765,0.6375963410737291
Snacks,CrispBite,display,2024-06-01,10.699620098443484,10.45060794676923,10.717397303815451,60456.698077536974,5784.993407606201,0.0029272668970271583,0.559585355736719,0.0005326599824431408,0.642816724949822
Snacks,CrispBite,display,2024-07-01,9.801378545265456,9.417134813400661,8.125824674762587,63018.70454532473,6691.919123388632,0.0034367681673078345,0.5951546712369826,0.0005754221781122577,0.6486575657139673
Snacks,CrispBite,display,2024-08-01,12.99311095560762,11.981908484237211,10.721418756465635,69773.0852331288,5823.202983474521,0.002985641424482088,0.5384376313892298,0.0005975680697135519,0.676526006429136
Snacks,CrispBite,display,2024-09-01,12.86596992818552,12.113794146468775,12.831096944658562,66944.89627518128,5526.335965903467,0.003395008412804009,0.5008007218761638,0.00063503624062503,0.6338042981760675
Snacks,CrispBite,display,2024-10-01,14.228700363069382,13.64180239203635,11.878837958801276,72035.63639948682,5280.50724745426,0.00280338945587276,0.542592195587162,,0.6179983965546794
Snacks,CrispBite,display,2024-11-01,13.971847216954066,13.540523622240185,,113493.55924187045,8381.770336817575,0.003160342912983851,,0.0006807446855362694,0.6246162146640081
Snacks,CrispBite,display,2024-12-01,15.746274817616705,14.98816608670343,,108236.45506121506,7221.4608802097355,0.003203156935234576,0.45250083841153804,0.000643209706435514,0.6117338055864011
Snacks,CrispBite,display,2025-01-01,15.129550284151142,14.844290660704386,11.266498509920966,68641.80964994979,4624.121907802405,0.0027630276973035204,0.49807431148237885,0.0006003206366499477,0.6354193244896458
Snacks,CrispBite,display,2025-02-01,11.402866105696438,11.333214179761585,8.919810595330082,57495.41787450957,5073.178443691875,0.0030357998650752333,0.5493425493981456,0.0005680165575547721,0.627723521852646
Snacks,CrispBite,display,2025-03-01,9.545291674739284,9.851230299507506,7.9480118834622075,59025.96719292823,5991.73559021142,0.0033539500074388946,0.5224743277128897,0.0005193872853390791,0.6035651773502382
Snacks,CrispBite,display,2025-04-01,10.586159192426296,11.110300652563284,11.06020211892156,66778.53221883143,6010.5063136545095,0.003403459957592963,0.5448741105660874,0.0006097122068018878,0.6130418733527564
Snacks,CrispBite,display,2025-05-01,12.225458897053999,12.767694322757292,13.773258892597381,77059.83090125241,6035.532254551242,0.0034798006603119483,0.4935425835760276,0.0006623926674856677,0.6216896295362028
Snacks,CrispBite,display,2025-06-01,12.855307448863659,13.237613944759442,10.514806331838614,84945.48717223549,6416.97873398582,0.0033302516760355524,0.5187114003706912,0.0006678803413196292,0.6454962442104706
Snacks,CrispBite,display,2025-07-01,11.281399598819945,11.043312392181766,12.224451947362043,68841.44651756962,6233.76791969651,0.0029432916809725793,0.5873709525766994,0.0006155734380108522,0.6480859714904479
Snacks,CrispBite,display,2025-08-01,13.47862971711561,13.134080890087631,,118118.4800083964,8993.280991404668,0.004773093016675225,0.5184044841713551,0.0010175486873827315,0.6513873090511485
Snacks,CrispBite,display,2025-09-01,11.479647332235485,11.522765716453524,13.23447012333942,107371.36196819582,9318.193618644758,0.005498005785243807,0.51871485296397,0.0009908239733625193,0.6501819047495906
Snacks,CrispBite,display,2025-10-01,12.270307114912564,12.508325912214481,11.37179814097017,87507.49364002324,6995.939684827965,0.005549112574488953,0.5056331081835765,0.0010008042637408223,0.47995361517199264
Snacks,CrispBite,display,2025-11-01,14.19398046160437,13.9296949015221,11.210174990331337,120381.03117475442,8642.043635973705,0.005157722656404846,0.562084138925119,0.0011773569982127415,
Snacks,CrispBite,display,2025-12-01,17.013484988724624,16.39037499233406,20.679115839013107,112794.83020520107,6881.772397395199,0.003986644867183394,0.49842633427936545,0.0009961669008820941,0.42475392800823836
Snacks,CrispBite,ooh,2022-11-01,4.063121908856339,4.071066307098606,2.2415889112994383,91966.05035019934,22590.162727106817,0.0012649949230390085,3.620798641946917,0.0005767513355808521,0.7786864618939675
Snacks,CrispBite,ooh,2022-12-01,4.090314478891388,3.982586006375361,3.96315554868802,88272.76829923257,22164.685999982095,0.0012748685901733169,3.4932523246622686,0.0005511403474259955,0.768314101125562
Snacks,CrispBite,ooh,2023-11-01,4.995793460493877,4.694555654700016,3.6839851807221176,83348.3922312769,17754.26650823312,0.0010304566125322468,3.4839612457286337,0.0005,0.7651930899962457
Snacks,CrispBite,ooh,2023-12-01,5.029226730344168,4.764394888560292,3.5984741149697603,82050.75259174804,17221.65238417972,0.0010075105985247275,3.4630308433902512,0.0005,0.8171015649487752
Snacks,CrispBite,ooh,2024-11-01,5.198595785841839,5.005286650778825,2.5227487077252704,91267.32131352994,18234.184709347006,0.001191415371971026,3.050214906213952,0.0005608192716348798,0.711388721636497
Snacks,CrispBite,ooh,2024-12-01,4.4978944587192595,4.41938157200548,4.120623761486463,97722.24669990428,22112.199435080394,0.0013007149474908019,3.39196187069802,0.0005745563750105175,0.7132006233397167
Snacks,CrispBite,ooh,2025-11-01,4.4392646058432925,4.294957213596699,,83115.4825523871,19351.876728658775,0.0012908340656314753,3.1002686204195413,0.0005264880735005608,0.7121427872466827
Snacks,CrispBite,ooh,2025-12-01,4.0891213587736965,3.9947771611021943,,81418.56917761858,20381.25429633589,0.0011677247324600412,3.4614901997853074,0.0005,0.7455883068595657
Snacks,CrispBite,paid_search,2022-01-01,2.7085779006100936,2.6129469205808133,2.3943964786730603,338051.76250290347,129375.67152254297,0.031349941299898876,1.404257758219741,0.0034247901052520476,0.6598923726534592
Snacks,CrispBite,paid_search,2022-02-01,2.8691246980445166,2.832617728826858,2.6498556657945374,328136.4647444522,115842.12772697411,0.032537363774181836,1.2972242746581648,0.0036421030151911954,0.6661455695280659
Snacks,CrispBite,paid_search,2022-03-01,3.195885201420576,3.1728386322118447,2.680680034144435,399573.19054107956,125935.55388681387,0.031782306198248816,1.2312221135729957,0.0037370074219062444,0.6306855972346926
Snacks,CrispBite,paid_search,2022-04-01,3.523262389443933,3.360762935613879,3.9289674911781014,416941.5980240043,124061.59137429475,0.03334257246465319,1.1992188780719053,0.004003566903829375,0.6212250130813599
Snacks,CrispBite,paid_search,2022-05-01,3.7910915975296375,3.69824347415817,2.1680316115854126,422065.6109595798,114125.96653216687,0.0335888284274156,1.1443953084668679,0.0042870770737279225,0.6348953100447067
Snacks,CrispBite,paid_search,2022-06-01,4.10088721803478,3.925938614361302,2.174614248166067,454539.87475907133,115778.6505108203,0.033096604609994786,1.185892149040462,0.004622031486319658,0.6218410870500569
Snacks,CrispBite,paid_search,2022-07-01,4.163260007018997,4.042566733902276,,426657.25891483575,105541.17890911968,0.02998733868175684,1.1917073598355936,0.004349376030367147,0.6218838566711302
Snacks,CrispBite,paid_search,2022-08-01,3.645248163149903,3.5429391616208252,3.2314577692654467,458166.61118749814,129318.22712357722,0.03258808741738382,1.2989496074930413,0.0045184975398281264,0.639450631750519
Snacks,CrispBite,paid_search,2022-09-01,4.097100091266735,4.015328391487919,1.9234547377499973,477597.9329691611,118943.67942149373,0.03218846875554549,1.172089864224416,0.004524237551536107,0.6316143317204654
Snacks,CrispBite,paid_search,2022-10-01,3.4718017335703983,3.3623032228570633,,443792.7567188708,131990.7002146478,0.030316026378761993,1.32578020847,0.0040194118205604265,0.6405288187560723
Snacks,CrispBite,paid_search,2022-11-01,3.9172015707008154,3.89562189223955,2.9848832602289095,775422.8666466699,199049.8277544302,0.028605007338725254,1.3945508971543585,0.004654359982819172,0.6796275757760154
Snacks,CrispBite,paid_search,2022-12-01,3.246917402821027,3.3092427168196514,2.9957428872881042,698529.3998017673,211084.36569230835,0.02911063064056246,1.450063995028532,0.004176718237475851,0.6620405580277313
Snacks,CrispBite,paid_search,2023-01-01,3.943190672777711,4.051779112796139,,458599.15773400775,113184.63938117489,0.02606776661371945,1.3888367451307413,0.004361720264173999,0.6835362936269053
Snacks,CrispBite,paid_search,2023-02-01,3.6848053969468384,3.7414772616201506,2.0539200814540024,436905.28478598676,116773.4705400284,0.02823597402815702,1.4079779897998288,0.004474096075662013,0.6824005338264024
Snacks,CrispBite,paid_search,2023-03-01,4.236319555919857,4.300306970466972,2.7681448934500748,485649.95329649403,112933.78743233235,0.026754023336367998,1.2995234676462804,0.0045166584920591,0.6322758001778253
Snacks,CrispBite,paid_search,2023-04-01,3.7611322379075456,3.7367646477792476,2.5640686318768418,444957.3051133197,119075.54985507503,0.028106553373716935,1.3682441266612473,0.004338962825925276,0.608591962660749
Snacks,CrispBite,paid_search,2023-05-01,4.4786504647787,4.331450522823614,4.0166078510174765,452809.68857303285,104539.96558128808,0.027425319007402377,1.2871051277537593,0.0045758986225559635,0.5997415448782074
Snacks,CrispBite,paid_search,2023-06-01,4.110853421335348,4.111501389454237,,413980.3178209769,100688.35654119257,0.027432325221604242,1.2106767893658852,0.004093298317340002,0.5934711995080394
Snacks,CrispBite,paid_search,2023-07-01,4.5191541967968485,4.596537003389943,3.167445099697914,448184.7678065069,97504.87540423822,0.02657558324049685,1.1439534862936378,0.004178095353064356,0.6080266689170717
Snacks,CrispBite,paid_search,2023-08-01,4.113520888893352,4.30143415406626,3.5194229018082788,475934.29240566253,110645.4906338039,0.027060460146359367,1.1707650294031542,0.004100419989568499,0.6346662488698067
Snacks,CrispBite,paid_search,2023-09-01,3.7918226303374616,3.725170121211906,2.3964240406705746,498859.25937067246,133915.83287164857,0.030961849532867694,1.1788054265437407,0.004019689080618211,0.667590664315172
Snacks,CrispBite,paid_search,2023-10-01,3.3675569002957273,3.3061420996695845,3.939319517093844,511037.10829548177,154572.0337751226,0.0326157698201332,1.3241502726317547,0.004262117767069883,0.665914506761567
Snacks,CrispBite,paid_search,2023-11-01,4.485846788498999,4.384936562619283,3.8721428647943865,708544.5159940285,161586.03571012415,0.03188848102398578,1.1029462383970687,0.004592666793287192,0.6464543277783095
Snacks,CrispBite,paid_search,2023-12-01,4.296880337243894,4.364954878170792,4.0615326562347125,743414.4222049579,170314.34297815658,0.0307515747080667,1.1056644657692036,0.004428714808463435,0.5939238554468125
Snacks,CrispBite,paid_search,2024-01-01,4.040317478881392,4.081804451735746,4.293594048887003,392386.2633067658,96130.5883087828,0.03153320777209183,1.1939908126587688,0.004621820086181143,0.6122413619130401
Snacks,CrispBite,paid_search,2024-02-01,3.3707422103869247,3.3539612470241797,3.2323347442969226,381006.96185243584,113599.09485850092,0.03254103839177986,1.381026476269508,,0.6230555380348379
Snacks,CrispBite,paid_search,2024-03-01,3.8400375271205403,3.8497011014901372,3.0591561785132195,478496.2988734503,124294.40267147873,0.02976874033170256,1.2415658885784653,0.004256066711552802,0.6339145479442465
Snacks,CrispBite,paid_search,2024-04-01,3.6480190277322246,3.566376377693314,2.733846957551193,497262.16442971386,139430.64661933875,0.029282549868461193,1.3285941971998814,0.00423266918028381,0.6878420648694088
Snacks,CrispBite,paid_search,2024-05-01,3.883943902539576,3.6380645856319855,3.714591031688891,506312.3690951459,139170.80282047603,0.02591561326779081,1.48753503517044,0.004206386673414493,0.7018000866327532
Snacks,CrispBite,paid_search,2024-06-01,3.44981498496631,3.374432802380519,2.6533757161330493,523580.95814426075,155161.17487208417,0.0288775903259617,1.3814330155368564,0.004083404963869654,0.6997718574517545
Snacks,CrispBite,paid_search,2024-07-01,3.2695245838357043,3.298488883786611,2.2085518513642644,503816.9082498981,152741.73295728213,0.03245016142189593,1.3396752412623198,0.004303462472168389,0.6558775182223998
Snacks,CrispBite,paid_search,2024-08-01,3.334816963188383,3.4228485507084736,3.992557266126374,501887.0851962398,146628.4814419725,0.031300955952011454,1.3624523228921166,0.004394817371852812,0.6382898819348786
Snacks,CrispBite,paid_search,2024-09-01,3.9650841805092147,3.887714979141834,2.5919220652868074,422731.0671849792,108735.09746804844,0.02669758315806968,1.275963968504875,0.003967521387644741,0.6370478151350504
Snacks,CrispBite,paid_search,2024-10-01,3.5190813137898367,3.394505481323526,1.8582283823826962,497594.89254241355,146588.33084234706,0.0284865888280078,1.2856370008976237,0.0036735476166533257,0.6196558502952377
Snacks,CrispBite,paid_search,2024-11-01,3.9603547675781994,3.8797918559144797,3.667945157998611,671212.4217491213,173002.17297118748,0.02700345922418709,1.2858217484814671,0.004036042413074526,0.6394427770676632
Snacks,CrispBite,paid_search,2024-12-01,3.9969126757980358,3.94044384458083,2.658379655949938,649618.3672349103,164859.1866442432,0.026460444044500656,1.2477705368803553,0.0039410519348411985,0.6488059725904162
Snacks,CrispBite,paid_search,2025-01-01,3.783131911065188,3.818648043016826,3.2744860577527635,430749.8147010422,112801.65384415454,0.028363378446087894,1.2479301461888301,0.004177219969895461,0.6196735792528285
Snacks,CrispBite,paid_search,2025-02-01,3.9560205354226134,3.9004569579776223,4.5141712406747505,472374.10159977566,121107.37451765152,0.028949672513524687,1.3144842186583692,0.004458415228505535,0.6564237005536837
Snacks,CrispBite,paid_search,2025-03-01,3.772964785482289,3.770708018374197,,483986.3127329955,128354.22694480444,0.028031953337790745,1.2679089520690332,0.0040941004229011835,0.6536392640880443
Snacks,CrispBite,paid_search,2025-04-01,3.8338040556108792,3.85516245382128,3.0850487200954335,412150.3132011285,106908.6758698328,0.027153001158499012,1.2050664577960324,0.003819811928074476,0.6072004627355582
Snacks,CrispBite,paid_search,2025-05-01,3.9841123944773416,3.9435800008248165,4.264972889568084,538420.6319706677,136530.92668541142,0.02793781793314911,1.344086146599311,0.004464332968288599,0.617899786347481
Snacks,CrispBite,paid_search,2025-06-01,4.6379832154527385,4.626902559484533,4.330641534595309,543677.7361513232,117503.60617317441,0.027511783516701922,1.1887302340277437,0.004530558672773538,0.6329582377297188
Snacks,CrispBite,paid_search,2025-07-01,4.131111834157173,4.146870438827568,3.2617059991175203,484718.3145809349,116887.74022030401,0.026011061559659234,1.3408555328458487,0.004368084759756067,0.6595994813945356
Snacks,CrispBite,paid_search,2025-08-01,4.242460324696678,4.251937826461505,5.572230183526924,472939.7393913652,111229.22269654852,0.02639388303133979,1.2297587862257708,0.004125242866065029,0.6449863628806117
Snacks,CrispBite,paid_search,2025-09-01,3.7356883077302503,3.6743859767215867,2.9179079927332525,440798.2037045734,119965.13335756541,0.02781822056370607,1.3149025413225781,0.0040803128767240675,0.6638878147222241
Snacks,CrispBite,paid_search,2025-10-01,3.911443120185138,3.7309359848291646,,455005.6941168509,121954.83813365003,0.02783866415139512,1.2275643767164588,0.003869765660414565,0.6605582000310555
Snacks,CrispBite,paid_search,2025-11-01,4.399256451294148,4.210637950840098,,621769.0242019446,147666.2281253344,0.025691407057322625,1.3156527034100252,0.004285894217871908,0.6217869361158036
Snacks,CrispBite,paid_search,2025-12-01,4.0839406871926025,3.8990061924219823,,662361.853951309,169879.66196069657,0.02849744404966931,1.2246050515469542,0.004113730226727786,0.5941459822003508
Snacks,CrispBite,social,2022-01-01,5.587800844354667,5.866812598087413,,178641.72370847332,30449.5363916534,0.010255075918270238,0.8865010012709154,0.0016164086171309832,0.7689507063089677
Snacks,CrispBite,social,2022-02-01,5.548576787025783,5.721428981956203,3.8700797275730277,164567.32454127565,28763.325571334582,0.01043653030631271,0.8742652149341819,0.0015544280592879498,0.7415926395461161
Snacks,CrispBite,social,2022-03-01,6.35403261443375,6.649110926106519,6.904064941848443,187625.38275136543,28218.115900982888,0.009645327333579966,0.8573807699618038,0.0016768446878928436,0.7218540691373202
Snacks,CrispBite,social,2022-04-01,5.901855144885638,6.005887845911701,5.006837373590021,211481.9884319345,35212.44383141345,0.009658505846321249,0.9635365667372678,0.0016850437488082233,0.7653391415512397
Snacks,CrispBite,social,2022-05-01,6.526936191670088,6.485043830519855,4.532412759607152,226255.11663580156,34888.756737618605,,0.9961954410832793,0.0017064609628438861,0.7847182542082024
Snacks,CrispBite,social,2022-06-01,8.030126108148217,7.769507019339138,6.56479096022526,251442.63476716945,32362.752764274708,0.007987871967713956,0.9807489170335992,0.0018375883127383836,0.7892727796400323
Snacks,CrispBite,social,2022-07-01,7.202234520404213,7.1337089716180015,5.902458137140964,255734.8274209957,35848.78895935564,0.009088199760359766,0.9483053979672418,0.0018893862268946008,0.8014546925703262
Snacks,CrispBite,social,2022-08-01,7.766456795624668,7.559458005949496,8.812580726165235,245752.98404000446,32509.339141323395,0.008907738565366438,0.9781069031899207,0.0019839354363788094,0.7267759934652712
Snacks,CrispBite,social,2022-09-01,6.270588919466577,5.9786818063829115,5.133118884904987,208454.16260636717,34866.24131490307,0.009765174797439657,0.9775764401643882,0.001697558002219305,0.7730151074746664
Snacks,CrispBite,social,2022-10-01,5.391062388046023,5.422113518932766,3.6530896161808655,218070.00506338873,40218.635095325604,0.010463925270589767,1.0291886763735505,0.0017444393087683212,0.7757051707933353
Snacks,CrispBite,social,2022-11-01,6.1221253721202675,6.060083071979113,,301019.123559426,49672.441777455475,,1.0044373804916886,0.0018219764928411736,0.7950581450189281
Snacks,CrispBite,social,2022-12-01,5.358171223421416,5.209660597589383,4.144150914831525,270474.6828135928,51917.90861361429,0.01022936771954627,1.0150525653713593,0.001635473267855088,0.7898937157862246
Snacks,CrispBite,social,2023-01-01,5.424819499704566,5.357153543874613,3.292555327757354,189455.38737121382,35364.935094652596,0.009704642259205547,1.0412783056459263,0.0016072132995592148,0.7769129732022769
Snacks,CrispBite,social,2023-02-01,5.56902713565755,5.679163888930203,3.9728476159842825,180638.09238467156,31807.16315244404,,1.0566461747539713,0.0015690509068172261,0.75925005225988
Snacks,CrispBite,social,2023-03-01,6.317588771271184,6.261907906563357,4.772823085508968,229482.5793289887,36647.389701860484,0.009150506598065902,0.9551052828214878,0.0016361985556127671,0.7660488999022544
Snacks,CrispBite,social,2023-04-01,6.827642053607744,6.978136992916246,5.04429587711055,250144.9951276406,35846.95963715984,0.009117477591985682,0.9533258772714175,0.0018511435609821945,0.7511516135722054
Snacks,CrispBite,social,2023-05-01,8.628015441190529,8.78692141411181,8.0300620299805,282153.43956935254,32110.613748771404,0.009114467582665653,0.847335173864561,0.00203295696751198,0.7750322456048231
Snacks,CrispBite,social,2023-06-01,6.141027186200455,6.219829895805672,4.270856814341152,238100.23744791117,38280.82784200795,0.010560822784279915,0.9255966884764242,0.001848578307081414,0.7207214722900738
Snacks,CrispBite,social,2023-07-01,7.561576329735941,7.500986211925782,3.6413568551854323,250011.90388256073,33330.537721168985,0.009401607119060807,0.8782750387659811,0.0018717353780309822,0.7151494857722465
Snacks,CrispBite,social,2023-08-01,6.5902649434054625,6.65035428334223,,276996.15382250707,41651.33796199783,0.009792605017154142,0.9769741271315138,0.0018902259848549046,0.7851185659090393
Snacks,CrispBite,social,2023-09-01,7.006808359832306,7.1606201866096955,5.686163955352054,259527.92790577238,36243.77793296279,0.00922068708798602,0.9390066307311983,0.0018839891085595261,0.7546031853118664
Snacks,CrispBite,social,2023-10-01,6.656748413397261,6.7356026327747065,4.792594830274705,246218.80339778404,36554.82914026285,0.009990035051697134,0.9254152841766754,0.0018811460462789128,0.7457907959922138
Snacks,CrispBite,social,2023-11-01,6.276682678036135,6.181888874537295,3.8380813608388276,300054.2120325968,48537.62630196995,0.010124452359460277,0.9891104153482627,0.001869140866342809,0.7217419212980155
Snacks,CrispBite,social,2023-12-01,7.0257053642324,6.614816008280126,7.87128805511431,331031.19932493963,50043.901283205734,0.010260339735250736,0.9707648985122642,0.002008924884191467,0.7407780720564319
Snacks,CrispBite,social,2024-01-01,11.453098676137493,9.38980888330512,9.035101337445216,135253.97781243137,14404.33767005738,0.010319017295399014,0.7617312358570799,0.0022003728612649096,0.3812693767832199
Snacks,CrispBite,social,2024-02-01,11.240799012840439,9.382642799137532,7.283095561688506,85877.12588779468,9152.765135180107,0.009939731580766218,0.7033555010512647,0.001971251346723841,0.3061646763223896
Snacks,CrispBite,social,2024-03-01,9.65781167110869,8.255640869214687,7.114973587895045,170622.97619241034,20667.441679623444,0.010789437937782006,0.7807578738855141,0.0020360888960854464,0.451211434154563
Snacks,CrispBite,social,2024-04-01,9.42929482460525,7.712079036490169,5.941666388424644,117586.11502807686,15247.005959315386,0.011888008269052435,0.7564875196881858,0.0020893660712902043,0.3045263814666967
Snacks,CrispBite,social,2024-05-01,9.421293677060639,7.9848881615981275,5.07699900725822,121845.03487063313,15259.454159499031,0.01176638828350932,0.739243007436248,0.002057488469656276,0.32610105535613254
Snacks,CrispBite,social,2024-06-01,6.549145930380236,6.712237037522876,,292967.10323209304,43646.71593007558,0.009995510110154404,0.989026215813727,0.001972972750602544,0.7810606956186791
Snacks,CrispBite,social,2024-07-01,6.98453670444511,7.194824432796457,6.815704508256216,298457.1170916382,41482.19597008777,0.01015229962829905,0.898291343902808,0.0019164920007010498,0.7997961401812222
Snacks,CrispBite,social,2024-08-01,6.024312102588834,6.1518720963460565,3.286013801418571,285979.8128653992,46486.63177429497,0.01150651360052692,0.8811462322401761,0.0018811013193884031,0.78595630598719
Snacks,CrispBite,social,2024-09-01,5.020356143986345,5.051216960794962,4.196633712790559,304346.4046864231,60252.095098786835,0.01099263525465499,1.0957317068958106,0.0018496476739744614,0.8651852142706852
Snacks,CrispBite,social,2024-10-01,4.8579200826149584,4.823881761276269,,263454.11963562894,54614.54751036976,0.0114737318619521,0.9473468778901953,0.0016010234147258958,0.8544650588003011
Snacks,CrispBite,social,2024-11-01,6.742121006873151,6.350003945391864,4.628550878557001,276164.33354075777,43490.419205356164,0.010466006428707897,0.8329902165362223,0.001646091927051648,0.8267360373057537
Snacks,CrispBite,social,2024-12-01,6.954017416552709,6.2095366399722955,7.534969244537197,266814.673573896,42968.53196039543,0.01022965696610875,0.8349889615311976,0.0016126911034817079,0.7745457262425155
Snacks,CrispBite,social,2025-01-01,6.732602470908051,5.45134464452434,6.443818197507324,182967.18917356952,33563.6803586346,0.01047276100555815,0.9043888865767029,0.0015357140027183341,0.7627830954089057
Snacks,CrispBite,social,2025-02-01,6.851811387018673,6.118932499861151,4.615998229046877,193614.48877996017,31641.87360856712,0.010497523675591078,0.9359009023800503,0.001765155722047248,0.798482324010155
Snacks,CrispBite,social,2025-03-01,7.023490658236394,6.077718545177138,,250045.1766938307,41141.28925766881,0.00981584574202873,0.9973162333382336,0.0018151270638095492,0.8297449358406044
Snacks,CrispBite,social,2025-04-01,7.479336259597317,6.4908379168454,4.899662043426698,255635.00898718578,39383.97665480861,0.009346894738337976,0.9785082028077372,0.0017906523821534493,0.8434871378677185
Snacks,CrispBite,social,2025-05-01,7.388841281861498,6.308102740731706,4.4125778031609855,272038.5049432814,43125.24955985838,0.010120052427860236,0.8837141303249667,0.0017176882078338506,0.8326977325872887
Snacks,CrispBite,social,2025-06-01,5.598249476211642,5.738389560097369,3.8012980963493024,255235.73525194614,44478.63509071617,0.010744485030755924,0.9345821795830427,0.0017620856077963166,0.7676161972391262
Snacks,CrispBite,social,2025-07-01,5.940532722130027,5.8604139018417705,5.126710668219329,261857.0246946703,44682.343104191954,0.011342596102002549,0.9283871076521838,0.0018650951808340981,0.7749017530534867
Snacks,CrispBite,social,2025-08-01,5.105481915129729,5.042175210698028,5.902405474624894,238998.60335220039,47399.9005122065,0.011906325985940809,0.9532408348357265,0.0017381159861870913,0.7304544888460547
Snacks,CrispBite,social,2025-09-01,5.988536278118526,5.9670016341522265,6.304810082229747,230647.1277234377,38653.773178697535,0.01127181864986181,0.8771989828366625,0.0017432617597729198,0.6945623656392413
Snacks,CrispBite,social,2025-10-01,6.082735193209452,6.191056222121315,5.74910175808853,241460.7913861782,39001.55041774821,0.010592072566890534,0.9522792855197824,0.0018397021189729724,0.7203603238507873
Snacks,CrispBite,social,2025-11-01,5.693213529109331,5.534371727790772,,273735.4183180499,49460.974394526354,0.011146899648747191,0.8934747352600592,0.0016033301442339696,0.7452108148226604
Snacks,CrispBite,social,2025-12-01,5.022176920966421,5.0464872664117415,2.7552313712118948,271605.95839677175,53820.7953489784,0.01112503451323935,0.9677562367205811,0.0016500260105679367,0.7721808371146343
Snacks,GrainSnax,audio,2023-06-01,8.944269210637353,8.734097534434397,6.524564177995525,87626.87419460884,10032.73364524929,0.0036028774779905534,0.8743884996731122,0.0012213455327329745,0.7477335077312608
Snacks,GrainSnax,audio,2023-07-01,10.54856111094032,10.60376878326695,,91848.51049916685,8661.87412951765,0.00333556358881275,0.8193996906175054,0.0012725664251719766,0.6937695332147638
Snacks,GrainSnax,audio,2023-08-01,9.76208526479054,10.03851047357376,,96762.58450447247,9639.137674777412,0.0036014223883374845,0.8370940229941304,0.0013324410564775392,0.7418509052817535
Snacks,GrainSnax,audio,2023-09-01,9.531500604684759,9.472769117317968,7.809062902477249,96382.8606040625,10174.7292064637,0.0035624673506441306,0.8784191665771993,0.0013173372609245548,0.7551830693007754
Snacks,GrainSnax,audio,2023-10-01,10.021031890343808,10.071952251905621,,75743.7497817789,7520.264978167279,0.003156372225342369,0.848501069408471,0.0012065446095260517,0.7338452806091191
Snacks,GrainSnax,audio,2023-11-01,8.595357080326062,8.576677753851198,5.2450400530365835,91602.80679890157,10680.453367595515,0.003350932434234358,0.884143490694993,0.0011457816725556054,0.692101046750123
Snacks,GrainSnax,audio,2023-12-01,8.384421381686218,8.00848268445064,6.803589713031519,109606.18701833943,13686.261347752183,0.0035524092634578426,0.9151017215667413,0.0011337831742824298,0.7252022570724663
Snacks,GrainSnax,audio,2024-01-01,8.916862406696774,8.654844864451228,7.7855303131210905,64352.032769479505,7435.3768065558315,0.0037996298692756676,0.8168948370199771,0.0011716423548248963,0.7312261719110361
Snacks,GrainSnax,audio,2024-02-01,8.035065150843659,7.757507470943526,6.943686278308138,53407.04975766244,6884.563109697743,0.0037304255052554585,0.8773497017583463,0.001173466016585093,0.6832619417259389
Snacks,GrainSnax,audio,2024-03-01,9.272237108302352,8.957635383312137,6.161124741737432,66809.06977213231,7458.337710038524,0.0036190534328483168,0.7882411445823847,0.001101443536102648,0.6849614419898205
Snacks,GrainSnax,audio,2024-04-01,7.084255475186166,7.018154983552918,6.382936070618581,76726.56458284002,10932.583387321754,0.0040698803755175724,0.8134967919727475,0.0010541912122130957,0.7761410709673875
Snacks,GrainSnax,audio,2024-05-01,6.606967854429415,6.4128581923054675,4.6710378859432655,59192.255063908604,9230.245436415704,0.003923819468282393,0.8185018565589877,0.0009526592400289608,0.7520002802000526
Snacks,GrainSnax,audio,2024-06-01,5.752467342028488,5.750723533662524,3.6026383962471455,49900.18785387616,8677.201670673203,0.003987019944621306,0.7949067122272996,0.0008120333063183746,0.7159650332052125
Snacks,GrainSnax,audio,2024-07-01,8.07011440943533,7.829409275183837,7.764513645302909,55774.73996021879,7123.74816539517,0.0037488279070236725,0.7253587379488006,0.000939022357046923,0.6853933658211342
Snacks,GrainSnax,audio,2024-08-01,8.997021987891157,8.938113626703176,8.221393318523576,83874.30859055728,9383.89374912146,0.003866698490562943,0.780300494688297,0.0012008036729724146,0.7401028718972783
Snacks,GrainSnax,audio,2024-09-01,10.460064896635288,10.52969535339388,7.060119966513625,94729.94480227788,8996.456366778455,0.0034674276958524797,0.8301611485446576,0.0013326980521486324,0.7508714320818881
Snacks,GrainSnax,audio,2024-10-01,9.729300126724649,10.0210497075933,,97678.38920546125,9747.321094660067,0.0034282764805566176,0.7824774098627331,0.0012155802398840113,0.7728827139192598
Snacks,GrainSnax,audio,2024-11-01,10.062696826122943,10.481923219626617,7.553757044062116,128949.76923922429,12302.109692787626,0.0032373173886627244,0.8198673570668195,0.001221918625850102,0.756096559876713
Snacks,GrainSnax,audio,2024-12-01,10.375763531796764,10.760184580970646,6.309028451775658,127051.14973717439,11807.525120141894,0.003247007866591709,0.7353506333774612,0.001108022292527673,0.7721640215152771
Snacks,GrainSnax,audio,2025-01-01,8.335038560659006,9.046569439624593,,64709.41996986537,7152.9235918351205,0.0036648493790554727,0.6975739800892452,0.0010451350038415018,0.7262189525947653
Snacks,GrainSnax,audio,2025-02-01,7.633283244884536,8.089904336275522,7.793173959779108,57494.66586207575,7106.964862892988,0.0035232728396337744,0.8173622614022988,0.001012638054960855,0.7234693060178736
Snacks,GrainSnax,audio,2025-03-01,7.243571385669329,7.610943808362656,5.814037543104537,70338.26837594272,9241.727458118576,0.0037263750266066306,0.8283344499523685,0.0010625648809278905,0.7250203677928914
Snacks,GrainSnax,audio,2025-04-01,7.054863002814465,7.150422225920907,,75319.35248132067,10533.553138761712,0.004035613966828259,0.835929937208294,0.001098163409912631,0.7554091822340131
Snacks,GrainSnax,audio,2025-05-01,7.854472330433295,7.846967201928659,6.696358133923516,81819.33218833857,10426.873221571346,0.0038939687462874813,0.8355535877531329,0.0011531121160061105,0.7466339454567688
Snacks,GrainSnax,audio,2025-06-01,8.323147718432617,8.454282541064421,7.490318040295441,80322.77328672276,9500.838527287955,0.004028436497706489,0.8085820023223792,0.0012188367664460458,0.7156005730590899
Snacks,GrainSnax,audio,2025-07-01,8.348672910698129,8.523717999760349,5.375690933664813,72683.62187847494,8527.220384404845,0.004013216520129014,0.7521584532420257,0.0011884521679229225,0.7139249341506569
Snacks,GrainSnax,audio,2025-08-01,9.105226186252795,9.27871384296796,8.450705719960407,77150.96188329822,8314.833627698139,0.003911353181639514,0.7545221077766006,0.0011959739817491127,0.6661524539426681
Snacks,GrainSnax,audio,2025-09-01,8.117343956809687,7.944755440406952,5.122417359537756,62274.71966723667,7838.469054756302,0.003985738130674775,0.7704412281065758,0.0011182607885738564,
Snacks,GrainSnax,audio,2025-10-01,7.329548273974783,7.363616767248376,6.971086023055988,64731.75666988948,8790.755781561176,0.004275769768301483,0.756063970203937,0.0010494225488305068,0.6709420533631243
Snacks,GrainSnax,audio,2025-11-01,6.935619387592788,7.072950706203831,4.707927519890527,78133.77668435936,11046.843097015593,0.003914838657986439,0.7966281890110041,0.0009933857774721672,0.6731269345093831
Snacks,GrainSnax,audio,2025-12-01,9.263718243634028,9.633151113851172,6.050201718251539,117446.36872680431,12191.895189719622,0.0036088279907100207,0.7223114633402229,0.001113993563417069,0.6775867511236027
Snacks,GrainSnax,digital_video,2023-06-01,6.614726998099976,6.7985140279953375,6.203953517743983,86532.37589342715,12728.13081463079,0.0076443625332089996,0.6465903385639212,0.0015271724225590926,0.6472300595464453
Snacks,GrainSnax,digital_video,2023-07-01,5.9620336386044315,6.282848473365619,4.6586572854043755,98437.8370062812,15667.708273338265,0.007581150776240886,0.7263993821381736,0.001507904807425895,0.6746306623628902
Snacks,GrainSnax,digital_video,2023-08-01,4.994844072317078,5.213465423908221,,91133.73609839514,17480.452767648294,0.0073597735267903865,0.7995084507705952,0.0013672760138225702,0.6856412188794033
Snacks,GrainSnax,digital_video,2023-09-01,6.067770536517037,6.109649136382705,4.972036725695959,99040.92790693235,16210.57538593301,0.007105936701387875,0.7779706956823444,0.0015158220171668992,0.7084414824073997
Snacks,GrainSnax,digital_video,2023-10-01,5.975392172743743,5.971042931379208,3.94376301387198,84030.6654907261,14073.029863698612,0.006930030504319511,0.7545051395935348,0.0014149929661512268,0.6920395198225308
Snacks,GrainSnax,digital_video,2023-11-01,6.773552577573391,7.034127265155697,,112063.22402099225,15931.361460590773,0.0071786835564356735,0.6270214680648132,0.0014461467418557111,0.6721680458464914
Snacks,GrainSnax,digital_video,2023-12-01,8.060093977471073,8.390757637591607,8.795412194593984,132255.60084279353,15762.057081743425,0.006876415605766758,0.6032399663876699,0.0015486617367682287,0.6212420968739186
Snacks,GrainSnax,digital_video,2024-01-01,6.9878414335862615,7.432638149301657,8.359892214803107,79027.24468532401,10632.462269503745,0.007446390132970243,0.648597710577914,0.0016334802620165622,0.6280171332807473
Snacks,GrainSnax,digital_video,2024-02-01,5.945785979312774,6.445544960375489,,66250.6522715294,10278.518368704377,0.0076838011750082515,0.6449873474337586,0.0014402043305060334,0.6121513003275059
Snacks,GrainSnax,digital_video,2024-03-01,6.1043509634605275,6.410218582632701,6.404536995963993,76458.52418255062,11927.600158550104,0.008036051045271386,0.6350210380956239,0.001474488561735246,0.6198332247122152
Snacks,GrainSnax,digital_video,2024-04-01,7.143879544200882,7.276615661554484,,84812.44999157017,11655.480230963843,0.007276508599120967,0.6395676158342759,0.0015491901034465755,0.6211287480144834
Snacks,GrainSnax,digital_video,2024-05-01,9.539787052506105,9.557104581350425,,90083.91119726165,9425.858054650767,0.006529705758348759,0.5602626042945059,0.0015590004485345373,0.6317975805496323
Snacks,GrainSnax,digital_video,2024-06-01,9.605808872721303,9.486648052570201,8.475207487183138,98549.5205064018,10388.23406964085,0.006796324708991323,0.5859458553579362,0.0016881590189050145,0.6253292181368507
Snacks,GrainSnax,digital_video,2024-07-01,7.5635888211282385,7.504356634646315,9.183614969618384,94037.50710153027,12531.055182982027,0.00825740856537842,0.5688435781461721,0.0015662925380389538,0.645439620217682
Snacks,GrainSnax,digital_video,2024-08-01,5.690853866984369,5.697133711684606,3.914543463966041,67881.2313732899,11914.97949821119,0.008482885894155485,0.6303888417655781,0.0013704576371290787,0.5723508337137884
Snacks,GrainSnax,digital_video,2024-09-01,6.144823921705394,6.303549475989122,5.928707228354349,79250.61168556518,12572.378782373175,0.007821793034398356,0.672175940032783,0.00151488506498919,0.5934561473083914
Snacks,GrainSnax,digital_video,2024-10-01,6.475546597666974,6.651137782698152,4.174676314416691,102972.18711117686,15481.890538945408,0.007826354301191036,0.6463175477559242,0.0014807209314514488,0.6310218035002418
Snacks,GrainSnax,digital_video,2024-11-01,5.058300633358334,5.309349214609172,4.896256020768017,126358.71203642678,23799.284418651336,0.007963764846295917,0.7200558035414297,0.00134244179495541,0.6711624111717298
Snacks,GrainSnax,digital_video,2024-12-01,5.790953107340001,6.095758506777916,,144272.74545576816,23667.726550412113,0.007123295005933737,0.7209835364307464,0.0014046079330541049,0.6704485747552101
Snacks,GrainSnax,digital_video,2025-01-01,6.581015894378667,6.787872971082639,,87716.2209947053,12922.49005960919,0.007791588500016092,0.6692816480013046,0.001577016585265013,0.6924286318791407
Snacks,GrainSnax,digital_video,2025-02-01,6.872931770212957,7.031090348938912,,78200.78678443171,11122.142214576048,0.0075441350057696786,0.628547172341116,0.0014521002259056995,0.6710107494593407
Snacks,GrainSnax,digital_video,2025-03-01,7.959452608178241,7.542727930575255,6.28794500582097,101475.62820956105,13453.438748363007,0.007417333998229656,0.6692587179565719,0.0017129342023703286,0.6531776184329638
Snacks,GrainSnax,digital_video,2025-04-01,8.371247903287678,8.327693522871998,7.233332599618152,100760.85380878932,12099.491117444439,0.007385690902762235,0.5902190788997287,0.0015808688602427364,0.6539879248699776
Snacks,GrainSnax,digital_video,2025-05-01,7.497106091780667,7.493003384048466,10.02014965608307,92764.31520015563,12380.124556948367,0.00786229650179991,0.5798381601305965,0.0015829171231745423,0.641970125976398
Snacks,GrainSnax,digital_video,2025-06-01,6.98155991266029,7.2131181881473525,5.785911697539746,78692.19418496227,10909.594454485696,0.007329362345785978,0.5849021260178906,0.0014601282325663917,0.6158070191093135
Snacks,GrainSnax,digital_video,2025-07-01,8.264414266222476,8.517444554257446,,75028.97538100717,8808.859852630789,0.006560736552385851,0.6005085454107839,0.0015001213932206172,0.6050923797669039
Snacks,GrainSnax,digital_video,2025-08-01,7.703278526490816,7.918851724734088,,73733.4467796084,9311.12860079273,0.006961616385776952,0.599403154422089,0.001509453000862646,0.5840688514477232
Snacks,GrainSnax,digital_video,2025-09-01,8.423550031524512,8.410372771110747,,77173.29858332235,9175.966474210176,0.006172344898742117,0.5926861176986291,0.0013866846256331746,0.609042765523833
Snacks,GrainSnax,digital_video,2025-10-01,9.103591626442688,9.188429296296441,7.7769037016256926,101877.68880999515,11087.606545664856,0.0064323256798612186,0.6356843564765999,0.0017169617533878746,0.6130993169668101
Snacks,GrainSnax,digital_video,2025-11-01,7.145267387531766,7.220090799143792,7.452697616946125,123164.56393297813,17058.58933901272,0.007261388780875121,0.6955024804914062,0.0016160381007025938,0.6069819894584673
Snacks,GrainSnax,digital_video,2025-12-01,6.7146467501554685,6.827619930550592,4.598162387441638,134377.58734508458,19681.468610138076,0.007530664902956999,0.6782269757792507,0.0015505208391116674,0.5981444675735983
Snacks,GrainSnax,display,2023-06-01,6.719597153966457,6.5135827427095965,3.318729407500736,57449.99246202752,8820.02957993112,0.005035705193604808,0.5616779965567803,0.0008161718786526223,0.7682555075577491
Snacks,GrainSnax,display,2023-07-01,6.502577753239017,6.343952934353197,5.670112667174926,62185.372867140206,9802.30678106069,0.0053084189234297655,0.5880208027031008,0.0008789853766139662,0.7695374086899446
Snacks,GrainSnax,display,2023-08-01,5.920767337530471,5.884427540148055,3.3332882660125422,62029.01596697139,10541.21501943258,0.005098978646748431,0.5550344892287584,,0.8064638258045135
Snacks,GrainSnax,display,2023-09-01,5.450576900885582,5.415533552851011,5.869812595615071,59527.30556427035,10991.95582177349,0.005069049656219524,0.6136986110085138,0.0007576502807954094,0.8230738764003274
Snacks,GrainSnax,display,2023-10-01,5.590180462020183,5.643148971763793,4.1583573511032,65223.16407042004,11557.93766862657,0.005263368388347978,0.6078646086371394,0.0008136699159897075,0.8406281466143517
Snacks,GrainSnax,display,2023-11-01,6.062798126990527,6.127624175699949,,72415.58147818554,11817.888859006864,0.004688366141491342,0.6363968152400035,0.0008182303257893419,0.7387143386138311
Snacks,GrainSnax,display,2023-12-01,6.65293798192053,6.319204168124973,9.054144813904113,89413.81019653816,14149.536526696673,0.004665646576658053,0.6031859718090491,0.0008166624921291766,0.807052862101477
Snacks,GrainSnax,display,2024-01-01,5.887049740451995,5.668900378220913,4.643649807026065,50369.2585543826,8885.190282738771,0.004980463599806249,0.5815676320682531,0.0007649944610251996,0.8187052615139572
Snacks,GrainSnax,display,2024-02-01,6.165805083192875,5.955700747746255,4.636224799497599,52357.22485652896,8791.11074819229,0.004959283604254362,0.5885459428394115,0.0007912772864754576,0.8807886658803192
Snacks,GrainSnax,display,2024-03-01,6.217289669806494,6.175009146887949,,65669.89807090237,10634.785553961223,0.005360061379192859,0.5755999975081848,0.0008602702312323749,0.8242605856893525
Snacks,GrainSnax,display,2024-04-01,7.591759462967477,7.3870909822381545,7.186269703152057,58678.510963353925,7943.385441501006,0.004720562614987791,0.5323271305120632,0.000854781021527195,0.7582141931370889
Snacks,GrainSnax,display,2024-05-01,7.287416775107843,7.0386581818587635,7.295296693950651,52803.9588570113,7501.99221111585,0.0042711511901400365,0.5844949132151033,0.0008077095066901695,0.7681684173069431
Snacks,GrainSnax,display,2024-06-01,7.236550892459055,6.955103784934447,4.4755402423099735,53496.396557758904,7691.674806296671,0.004706455060640306,0.5199185349666534,0.0007557595731587648,0.7661985548883197
Snacks,GrainSnax,display,2024-07-01,6.255604281805008,6.066321864965571,5.599133712601843,52424.234956601314,8641.848573740135,0.005017829041492934,0.5427955890798402,0.0007444012471528349,0.7926655703319728
Snacks,GrainSnax,display,2024-08-01,9.178624604906146,8.79297438056903,6.894284769566544,23319.514825177575,2652.062182361149,0.005299581086291881,0.41909958634025746,0.000922769426293811,0.31747912385108024
Snacks,GrainSnax,display,2024-09-01,10.993986962426979,10.396203194835866,7.400829735385302,22470.720224261153,2161.4352666195573,0.00541140055102468,0.3736921277004767,0.0009605384664141689,0.26511187592363844
Snacks,GrainSnax,display,2024-10-01,9.65277140177651,9.247462279468406,7.686457365473548,26915.723529060328,2910.606468632991,0.005594215017352279,0.3970272089255205,0.0009174361891072659,0.2846688376734377
Snacks,GrainSnax,display,2024-11-01,7.421196315155554,7.234008659267196,4.148662994582078,36140.78063902042,4995.954849006426,0.00521508338593942,0.4734604671158478,0.0008060302974541967,0.3258584656952668
Snacks,GrainSnax,display,2024-12-01,8.880450655405296,8.561831570301475,8.501417497058592,40340.080243554316,4711.618058860492,0.005002827951868508,0.447192298676964,0.0008891762501766415,0.2784268191285997
Snacks,GrainSnax,display,2025-01-01,6.041419585912751,6.019887903191532,4.623173613076997,48984.383152887385,8137.092241687357,0.004769652215032361,0.5852760009844895,0.0007487912883151917,0.7792896202930071
Snacks,GrainSnax,display,2025-02-01,6.469214824202994,6.5613571739301415,4.81093313621663,52692.275356890714,8030.697607234349,0.0050702285274545076,0.5541469505405981,,0.81262784794146
Snacks,GrainSnax,display,2025-03-01,6.798254299132292,6.869304980799187,5.427665526408245,58991.224763691556,8587.65550933923,0.004653413581084075,0.5526517478176994,0.0007866560692005326,0.8409473476139192
Snacks,GrainSnax,display,2025-04-01,6.311582625061464,6.618846644307678,5.341037114985119,53965.46725826535,8153.303763983802,0.00466876021264025,0.5414239832647455,0.0007553602444148238,0.8541040761728279
Snacks,GrainSnax,display,2025-05-01,6.562994783753674,6.638052210839408,6.963192532904304,60108.05976489738,9055.074870719716,0.004665046144524315,0.5700393371557895,0.000793405439170436,0.8252567499819504
Snacks,GrainSnax,display,2025-06-01,7.300618485730309,7.521000195659129,4.977336519136257,67747.2111731452,9007.73958392484,0.004858467905344572,0.5843868939875984,0.0009309381762535453,0.7476216426076372
Snacks,GrainSnax,display,2025-07-01,6.542858135609174,6.743792692095225,5.1092561271572,65223.16407042004,9671.584974264073,0.004858013567963958,0.6227277686088515,0.0009380205306467915,0.7566412116234125
Snacks,GrainSnax,display,2025-08-01,6.307850305322015,6.464480911461713,5.14561943643042,61537.60856644083,9519.342606044804,0.004698852604100359,0.6489870879496048,0.000911267177973991,0.7442918802835375
Snacks,GrainSnax,display,2025-09-01,7.049457022916735,7.155744583908012,4.862014684866476,64530.72636967243,9018.030983776374,0.005126083386684407,0.5622914941873285,0.0009052693577750418,0.7550288381320333
Snacks,GrainSnax,display,2025-10-01,6.161082266081796,6.27075376729134,5.348535676792149,49475.790553417944,7889.927174542699,0.004875057571095412,0.5731875898687031,0.0007934059467436997,0.7458389453618616
Snacks,GrainSnax,display,2025-11-01,6.075986111531004,6.155415682447663,4.298285688745907,63793.61526887659,10363.819205709508,0.004784985525161722,0.5545708051000379,0.0007528685146823506,0.7592894783990496
Snacks,GrainSnax,display,2025-12-01,5.876227993695818,5.934067357181246,3.7455308983362228,70628.64547625622,11902.231846219838,0.004342157416765647,0.5901542962227211,0.0006554665609607968,0.7376118282573284
Snacks,GrainSnax,paid_search,2023-06-01,2.8835220306843845,2.8338817431685683,2.4632037504209725,521517.272163071,184029.29953596496,0.04250328812854571,1.3223060474083692,0.007073049916079821,0.7732681606915752
Snacks,GrainSnax,paid_search,2023-07-01,3.379391174466494,3.403803134482576,2.1311519981687637,527436.4976694618,154955.05375331856,0.036722926454257496,1.3060284691714728,0.00734614648129508,0.722584521711831
Snacks,GrainSnax,paid_search,2023-08-01,2.960366814145912,3.00576639012927,2.3728340093631193,384258.25051487534,127840.35771267953,0.03618814941058427,1.3113445522800706,0.0063539624681750876,0.6527639896847317
Snacks,GrainSnax,paid_search,2023-09-01,3.0331243175673976,3.0189244406203266,2.795520224524085,413832.0413468055,137079.29744070428,0.03558101276594062,1.4238010889485992,0.0067350726735238235,0.6744098194357223
Snacks,GrainSnax,paid_search,2023-10-01,2.5606042464747545,2.613462071487752,2.75481565791607,424866.37115871906,162568.40908230882,0.03993163143548117,1.3323750478003247,0.006119673649907512,0.7211739336178332
Snacks,GrainSnax,paid_search,2023-11-01,3.0166517393646597,3.069464812436342,1.8774818153965445,579145.9582252915,188679.78413657166,0.033823051373548595,1.2686828634595764,0.005875694947576609,0.7644014607382313
Snacks,GrainSnax,paid_search,2023-12-01,2.9927691366849896,3.053787682100765,2.5437744020530597,638717.93718961,209155.97404932303,0.03572236248749535,1.2432295944347407,0.006128555278677283,0.7251184362713
Snacks,GrainSnax,paid_search,2024-01-01,2.808486597934239,2.852252321537878,2.338917045700285,392165.4423234126,137493.25028578282,0.04180665841066571,1.2242734162536537,0.00653846251379983,0.7713637934142022
Snacks,GrainSnax,paid_search,2024-02-01,2.684347665849065,2.77590656828575,2.3184326190336035,309631.3357343023,111542.41978883097,0.04209058294340226,1.1215929591637102,0.005932545794350271,0.6925035487091915
Snacks,GrainSnax,paid_search,2024-03-01,2.2628479005525906,2.416694429427883,2.0713684600280797,366746.27769596805,151755.33705466843,0.044575869576074165,1.2155694516686433,0.005772992250272524,0.6921444701273557
Snacks,GrainSnax,paid_search,2024-04-01,2.514960487791621,2.591425771031138,2.1119509828804244,381912.8970123431,147375.58809580663,0.03962342431165768,1.295598175803348,0.005892261020331814,0.6905656874234969
Snacks,GrainSnax,paid_search,2024-05-01,2.8280110920059394,2.8201127383555553,3.0509057937091417,401122.4590330833,142236.32040575196,0.03650734818991992,1.2702733730966569,0.00586602309172369,0.7324938775514606
Snacks,GrainSnax,paid_search,2024-06-01,2.4602121692390666,2.560154406725336,2.721025874436958,432081.12526650866,168771.51008215113,0.04234652048295416,1.2800460384848547,0.0062292261691632425,0.7637418919619889
Snacks,GrainSnax,paid_search,2024-07-01,3.177902637035927,3.2327417034447996,4.39953503457966,753059.5046130621,232947.62579101333,0.06696046923482733,1.1948728215136406,0.011622611964057384,0.7746365678079267
Snacks,GrainSnax,paid_search,2024-08-01,2.99050743785854,2.9501841249999075,2.572040786263793,579056.6114251949,196278.1260051737,0.059619979972726486,1.2394973635180495,0.009827740935417708,0.7186425029705664
Snacks,GrainSnax,paid_search,2024-09-01,3.9665204247467383,3.879352010001927,3.1689437484374925,191604.21280687093,49390.77771567725,0.056820524412089644,0.9826859337394251,0.00980353998904181,0.23870671708576358
Snacks,GrainSnax,paid_search,2024-10-01,3.340352248829922,3.323382599879604,2.3832457799350775,174226.26018810834,52424.376355108805,0.056340349430071254,1.013305558124107,0.00852653848464359,
Snacks,GrainSnax,paid_search,2024-11-01,3.3962221708084854,3.4591470496252237,2.677518130493155,239940.83165905895,69364.16064909846,0.048220201430640625,1.0211273631158777,0.007695014146956821,0.24003298531759576
Snacks,GrainSnax,paid_search,2024-12-01,2.7038090333098825,2.7310593308785833,2.690025253327742,287696.69631061994,105342.52883406519,0.05039746667619603,1.1039069533157826,0.006891785390057606,0.29285426645337637
Snacks,GrainSnax,paid_search,2025-01-01,2.521796935906508,2.5239085366467906,2.513833526237918,157362.05166990042,62348.55557759957,0.053958976747070356,1.1057061001915225,0.006765161749836151,0.28378651837659435
Snacks,GrainSnax,paid_search,2025-02-01,2.0031397057954834,1.9998591235049028,,355667.2744840063,177846.1644141577,0.04862519581855559,1.3899118003529187,0.006074636476545639,0.702435487223527
Snacks,GrainSnax,paid_search,2025-03-01,2.187689406882333,2.194361251831118,1.5969729096482796,371302.9645008878,169207.76567260674,0.04486091755310709,1.3291943164044802,0.0058833979993539644,0.6735007499035154
Snacks,GrainSnax,paid_search,2025-04-01,2.8964822457172694,2.975813306037692,2.1420493695394494,428216.8761623365,143899.10660508103,0.03750083903030156,1.3193280150828004,0.006653863760840539,0.6841681106871386
Snacks,GrainSnax,paid_search,2025-05-01,2.7892064313747853,2.8108262975991107,3.329919849753054,422610.3644562833,150350.93588574266,0.034914248198578954,1.4074903660832287,0.006160379749100988,0.7067618626910248
Snacks,GrainSnax,paid_search,2025-06-01,2.4192991371988115,2.405503606259871,,412357.81914521387,171422.6568075517,0.04161536918703185,1.360626859760864,0.00606476448544392,0.7092175352687701
Snacks,GrainSnax,paid_search,2025-07-01,2.6937564222759987,2.671566155030648,2.8790532489719594,417405.91335066414,156240.1561962727,0.03928434111569302,1.3233513704115794,0.00627987491415154,0.6706073545978697
Snacks,GrainSnax,paid_search,2025-08-01,2.6216601577111924,2.6010355219294703,2.303552055685412,462682.4042995482,177883.9236906409,0.039472803438904504,1.3964385141826359,0.006512126915357086,0.7395872639180844
Snacks,GrainSnax,paid_search,2025-09-01,2.72042862404488,2.60717882443839,,478094.72731618857,183376.2697191185,0.042250700802144006,1.3693277904905166,0.006803995994843596,0.7603042726604202
Snacks,GrainSnax,paid_search,2025-10-01,2.3769491092906434,2.344131530122234,1.5306656956404148,432684.21616715984,184581.88485037684,0.04619626870433854,1.3682664812262,0.006683378475660777,0.7371091193468229
Snacks,GrainSnax,paid_search,2025-11-01,2.5075178232716655,2.414989625211885,1.7478992105820448,603180.2474512407,249765.15060528228,,1.4325996340871052,0.006832465573618125,0.7231347040339337
Snacks,GrainSnax,paid_search,2025-12-01,2.3346357627631256,2.3157166638591957,2.093893070012912,591051.4193381455,255234.7739956859,0.04271608627634782,1.4266497526379134,0.006302179360935475,0.7319655259272787
Snacks,GrainSnax,social,2023-06-01,5.378993863476318,5.4681430168922445,3.7750971099554986,110857.04221968996,20273.252158407202,0.012437941737093866,0.8235468236749889,0.002517832125928546,0.538658006548234
Snacks,GrainSnax,social,2023-07-01,4.196335691774122,4.316090309212043,4.860810143733669,113783.14992284922,26362.550774249623,0.015117766947008112,0.8127058010435175,0.0024401819375313204,0.5301850309381596
Snacks,GrainSnax,social,2023-08-01,4.200443819554726,4.448068240477428,,116798.60442610494,26258.276202518082,0.016422519952400832,0.7593047308576162,0.002454228471856238,
Snacks,GrainSnax,social,2023-09-01,4.558321868210346,4.657448600406625,4.506224713832171,114252.22062335566,24531.074935186767,0.0164091876587722,0.7612199756465825,0.0025651974544672234,0.4808808810964751
Snacks,GrainSnax,social,2023-10-01,4.213347251833164,4.377527717795487,,113269.40582229453,25875.200141356672,0.01609004608221876,0.8015861258165016,0.0025671291503846787,0.4927946418890705
Snacks,GrainSnax,social,2023-11-01,5.300993130921899,5.412121032040199,6.236598990575303,135047.68834580807,24952.8211853199,0.013914041874943398,0.7256680388914064,0.00241135411892734,0.4786649202115357
Snacks,GrainSnax,social,2023-12-01,4.951829323399443,4.89064075082876,3.8926603072840904,146930.81275863803,30043.264317408586,0.01777340977261623,0.7893243738481579,0.0031719256295865196,0.34827593321611794
Snacks,GrainSnax,social,2024-01-01,6.2021226859677565,6.247028040410787,5.491388419092272,89882.88089704461,14388.102681084518,0.016450033307522257,0.7235292507836929,0.003392159137718321,0.3402883983132989
Snacks,GrainSnax,social,2024-02-01,6.091032288597511,6.1574378772849325,,88051.27149506706,14299.98535915274,0.016738645738378122,0.7503009265519042,0.0034965932474780768,0.3303741010660674
Snacks,GrainSnax,social,2024-03-01,6.400782484586046,6.644807629558622,5.920031061551367,109695.5338184359,16508.458925201776,0.01672410836847225,0.6855672311130305,0.003422820800419288,0.3480589537984511
Snacks,GrainSnax,social,2024-04-01,6.850793373025344,7.082566800802843,7.851048313731409,130222.96114059893,18386.407753448584,0.01738988724780963,0.6575733254693532,0.0035909195602931033,0.3602255354336757
Snacks,GrainSnax,social,2024-05-01,5.7709169490851915,5.562802838786846,4.841992242005677,128167.98473838021,23040.181083666,0.014830080623092143,0.7109192225513283,0.0026090625332958455,0.5233631235751005
Snacks,GrainSnax,social,2024-06-01,6.3918150037045,6.1338676574247435,7.998681521931949,117379.35862673196,19136.27179168922,0.01302969653069426,0.7150538745866983,0.0025534496265618906,0.5032086244204175
Snacks,GrainSnax,social,2024-07-01,5.880777600573386,5.758134524443451,5.281213353912468,125487.58073548623,21793.096393074484,0.013643599329220131,0.7405816560666899,0.0026326056137587804,0.5259790627570761
Snacks,GrainSnax,social,2024-08-01,6.110243392295515,6.110859768289535,4.481696871591638,122985.8703327852,20125.78834994436,0.013196139924323499,0.7450132653418361,0.002657924524249513,0.5254820258240064
Snacks,GrainSnax,social,2024-09-01,5.637636375410911,5.643491610607057,5.0730551379685425,117290.0118266355,20783.234904821427,0.013321802889289287,0.7787483102825774,0.0026078989048428686,0.5115376104700269
Snacks,GrainSnax,social,2024-10-01,4.759499076401054,4.748622297741094,2.7905666171027974,127274.51673741556,26802.40894247573,0.01403718554303594,0.8116531083058485,0.002435375802408955,0.5201370651605726
Snacks,GrainSnax,social,2024-11-01,5.681821708423253,5.728018920276539,3.8444856537258127,161114.61727395197,28127.4589899877,0.013240627729625193,,0.002481029343450635,0.4881916013650492
Snacks,GrainSnax,social,2024-12-01,5.660046019292133,5.6215833173587075,,161673.0347745549,28759.341567584688,0.013859862260368056,0.7092316046260095,0.0024445402380247044,0.46837326458534007
Snacks,GrainSnax,social,2025-01-01,4.9069980213335755,4.993329902447679,4.097133624296607,81193.9045876633,16260.472705370994,0.013928267141024252,0.7590194046291833,0.0023855525855190985,0.46576212610389883
Snacks,GrainSnax,social,2025-02-01,5.363183818837114,5.546710513031778,4.535030781623478,105183.52041356437,18963.22517038519,0.013575038918771048,0.8178033970323094,0.0027839057590697508,0.49336774061191935
Snacks,GrainSnax,social,2025-03-01,5.089584567971147,5.1569714290306115,5.432761714240861,114051.19032313861,22115.924412747336,0.013514023528832589,0.7794433077023802,0.0024262015602716973,0.5042776206453528
Snacks,GrainSnax,social,2025-04-01,5.182764286871112,5.371499247846352,4.395937920515984,130580.34834098478,24309.85136846843,0.013754740651568908,0.7770201166166474,0.002558830258836808,0.532348347837635
Snacks,GrainSnax,social,2025-05-01,5.381504108205318,5.415178303163986,3.6384089446647776,135315.72874609748,24988.231443281387,0.013367093573226864,0.7498119019168633,0.0023787872757579536,0.5113374031697467
Snacks,GrainSnax,social,2025-06-01,5.3717261844587085,5.39529056821981,,137795.1024487744,25539.885332670834,0.01380265070607692,0.7362743695995974,0.002407059643386242,0.5274804789750925
Snacks,GrainSnax,social,2025-07-01,5.681844120172297,5.9465341789291735,2.7332592633986668,145568.2740571669,24479.515239813223,0.01383266702629777,0.7765850910415971,0.0027817761232660646,0.5242455357769294
Snacks,GrainSnax,social,2025-08-01,4.741033563952279,4.869771874564134,3.9559586316632203,118898.25422837188,24415.569618240854,0.013556642214254197,0.8355487361226808,0.0025091265301691616,0.5056109024641539
Snacks,GrainSnax,social,2025-09-01,4.113832208413994,4.356034492299631,3.754620752408184,112979.02872198103,25936.21077190721,0.015330089437081222,0.7920179183408315,0.002366771747827052,0.5199828278555293
Snacks,GrainSnax,social,2025-10-01,4.418001306456446,4.5097003094252255,3.720246881098238,110164.60451894235,24428.364849145186,0.015440709378172145,0.7585741964768868,0.002377508705105561,0.5203262597397501
Snacks,GrainSnax,social,2025-11-01,4.459996852229371,4.545854944736093,4.190842294922804,130915.39884134653,28798.85091646864,0.014804659960266829,0.7465871031386073,0.002263187592558032,0.5093223676307203
Snacks,GrainSnax,social,2025-12-01,5.021958998010504,4.8760460471464615,,181887.74829638028,37302.30324687435,0.01486018361806398,0.7499457830091345,0.0024419858605342617,0.5155504614876224
Snacks,GrainSnax,tv,2023-06-01,3.3982783142654163,3.4003194706100937,3.158527919519395,88855.39269593525,26131.48366320786,0.0025543426415402803,3.1790126110958465,0.0012533151889544479,0.7786439515065683
Snacks,GrainSnax,tv,2023-07-01,3.979219565231118,3.8948358107500276,4.46029412763655,94461.90440198848,24253.115918588097,0.0024268891624761686,3.1616628755818144,0.0013742218718590785,0.7771022124604563
Snacks,GrainSnax,tv,2023-08-01,4.082017444310387,4.000458417241298,3.3521763464792307,89279.78999639346,22317.389830028656,0.0023240727043020086,3.165587209933143,0.0012810932331208662,0.7536673322365101
Snacks,GrainSnax,tv,2023-09-01,3.9647743454414055,3.886361905090668,3.0835814716539574,76413.85078250238,19662.05223512751,0.002422599037940425,2.82297950253087,0.0012042614218550254,0.7361695681686805
Snacks,GrainSnax,tv,2023-10-01,3.701364480203652,3.663132290145126,3.0010397169739678,76458.52418255062,20872.444161584317,0.002413778523574206,2.738806477048198,0.0010836956692415849,0.7513753876240962
Snacks,GrainSnax,tv,2023-11-01,4.13788003332318,4.184648484242265,3.1013726636595242,102346.7595105016,24457.67186799539,0.0022168529577319468,2.6758940774612023,0.0011309398771722462,0.7684854671140144
Snacks,GrainSnax,tv,2023-12-01,3.9854445330931783,4.105934083373816,4.246619412325245,130915.39884134653,31884.4375440568,0.002417513931888034,2.6143356464461136,0.0011677875731496122,0.7845312753061395
Snacks,GrainSnax,tv,2024-01-01,4.397618385461921,4.309991075581797,3.611485376830215,71656.13367736558,16625.587482844814,0.0023516573929979407,2.701151500056022,0.0012376110691678162,0.7598278135415641
Snacks,GrainSnax,tv,2024-02-01,4.027291082198773,3.964597433782188,2.1068380135967053,69869.19767543627,17623.27672415954,0.002615292729770159,2.6722178505169887,0.0012918523178480981,0.7559646848280851
Snacks,GrainSnax,tv,2024-03-01,4.605444365595828,4.445698956760604,4.545658869817458,89681.85059682756,20172.722325349485,0.002343773048333346,2.6123701535029116,0.0012461065215617338,0.7648685165900885
Snacks,GrainSnax,tv,2024-04-01,4.575508721164203,4.337265675220669,4.317335995862051,89235.11659634524,20574.049015755805,0.002348022285832489,2.7586550034534465,0.0012714478095542945,0.74362881078862
Snacks,GrainSnax,tv,2024-05-01,4.038937094830204,3.9352911375326074,3.6340871717111685,75431.03598144127,19167.841296930284,0.002274000700247704,2.8621533965850805,0.0011960591829792244,0.7088554037725406
Snacks,GrainSnax,tv,2024-06-01,5.014193206327341,4.883441463558192,2.2871609238674484,75587.39288161008,15478.304274898648,0.002185157029001948,2.542010884365027,0.0012375292393480635,0.6954292913434837
Snacks,GrainSnax,tv,2024-07-01,4.767250524982335,4.680981960362972,3.8701262301925596,71767.81717748617,15331.78674585645,0.0021996619404786527,2.548925477282868,0.001188149860080757,0.702483979913732
Snacks,GrainSnax,tv,2024-08-01,3.940054524806196,3.9976322584769544,3.9378012267710805,81662.97528816975,20427.835780793474,0.0025428825347355785,2.6519324653762784,0.001226716903558271,0.7322885126357452
Snacks,GrainSnax,tv,2024-09-01,3.890940281786283,3.9445486734159934,3.556579220681892,80367.446686771,20374.30726318621,0.0025253645235381204,2.7841360020751855,0.0012458676319787513,0.7683235860671056
Snacks,GrainSnax,tv,2024-10-01,4.06918500629795,4.0507130855327524,3.472716312310609,92295.24449964918,22784.937503790265,0.00237570911622999,2.8779761909549406,0.0012356771657222579,0.7187335846674685
Snacks,GrainSnax,tv,2024-11-01,5.0592648870169015,5.102188448805027,4.896613015472289,130066.60424043011,25492.316786317984,0.00212510514404668,2.6565565638097106,0.0012821035881196983,0.7076834289312879
Snacks,GrainSnax,tv,2024-12-01,4.619528012130729,4.679775854701013,3.919568049613891,129954.92074030952,27769.47545677104,0.00197807381462024,2.7956785922451464,0.0011394072659680011,0.7071872994865153
Snacks,GrainSnax,tv,2025-01-01,4.082576025432927,4.133503177112975,4.345901698317977,64352.032769479505,15568.40046133117,0.0020577128591360338,2.9586469899907204,0.0010836046988861238,0.7390454129229028
Snacks,GrainSnax,tv,2025-02-01,4.098896449373221,3.940752760920269,3.6507223599985785,107037.46651556605,27161.68027008373,0.0035066806660567374,2.9999646863357334,0.0018502254472592358,0.7228191786050377
Snacks,GrainSnax,tv,2025-03-01,3.7959910500151137,3.8566483560545137,3.4513161637047363,106188.67191464962,27533.92638142523,0.0032747204581542637,2.6899107445706556,0.0015530550733540212,0.7150188949143181
Snacks,GrainSnax,tv,2025-04-01,5.296178726980769,4.4323965565758465,4.587067102608181,85839.93819267953,19366.484270304856,0.0025311149769396313,2.762693904465743,0.0013925660237983433,0.6825235127192291
Snacks,GrainSnax,tv,2025-05-01,4.702668760045219,4.1362107924090745,3.35670191122784,92764.31520015563,22427.366460722962,0.0027021156427014677,2.7457598507251424,0.001399591267915142,0.7143220283662556
Snacks,GrainSnax,tv,2025-06-01,5.095634871825002,4.252165827795411,2.891818990272561,90932.70579817808,21385.032823454887,0.002700751404487902,2.72837877308687,0.0013953660778504436,0.7169877462469738
Snacks,GrainSnax,tv,2025-07-01,4.651071048017396,3.8076290572246063,3.1583881671015455,86532.37589342715,22726.05198482777,0.0029203664578720894,2.7119393776644114,0.0013615288340158005,0.7049655409796302
Snacks,GrainSnax,tv,2025-08-01,5.460538162444765,4.372351968218612,,87157.8034941024,19933.848905035044,0.002279345775581972,2.8570802501125185,0.0012924704589604417,0.7081666332534982
Snacks,GrainSnax,tv,2025-09-01,4.311829746886311,4.232140523190515,4.245459935838929,91312.42969858806,21575.944654538478,0.00221436486406346,3.0367269042277942,0.0012829915326923289,0.7489593611206429
Snacks,GrainSnax,tv,2025-10-01,4.290615748006668,4.221052719938996,4.221113667049045,80345.10998674689,19034.377279208224,0.00216431373215723,3.0003747287528726,0.0012156217805718546,0.7159514098715727
Snacks,GrainSnax,tv,2025-11-01,3.823561890699213,3.6920354985712143,3.0120018424463066,95980.8000036284,25996.716456483733,0.0022796424789948955,3.135156350275414,0.0012207624190566162,0.6990536288701307
Snacks,GrainSnax,tv,2025-12-01,4.406717942239007,4.188566029624068,3.4037390619111925,136655.93074754445,32625.94639335543,0.002152692502006141,,0.001267649311557872,0.7465331449089813
Snacks,NutHouse,audio,2022-01-01,9.00099693657858,8.837163674658866,7.448228065813553,49022.981285499314,5547.365997766439,0.0024394523991978297,0.7993322763352217,0.0010505450426388648,0.7414197151476194
Snacks,NutHouse,audio,2022-02-01,8.230748355818612,8.349322052162531,6.638164731442836,47203.06458894733,5653.520644436205,0.0026591567929749277,0.7834701558254163,0.0010900083317208545,0.7777006267319225
Snacks,NutHouse,audio,2022-03-01,8.69808132054969,8.718916687591548,9.18102813611825,62303.45447655431,7145.779310544665,0.0025337790794410695,0.8453542305151621,0.0011598780519107594,0.7834726502813999
Snacks,NutHouse,audio,2022-04-01,8.25614732160224,8.243284982425095,,54040.04893545342,6555.644873453757,0.0025907119578384677,0.8148719544380059,0.0011155116007601777,0.7499732247195691
Snacks,NutHouse,audio,2022-05-01,9.072294250964303,9.076478564825456,5.1034109528472,57811.047495876446,6369.32562369668,0.00262635440227534,0.8241880983044358,0.0012322159752649968,0.7684353536406726
Snacks,NutHouse,audio,2022-06-01,8.733845117131002,8.649982505430508,9.54693783816774,52384.08869805027,6055.976259508414,0.0027196929015963663,0.7846561621544977,0.001178855494760896,0.6968912232531289
Snacks,NutHouse,audio,2022-07-01,,,7.468825247698613,,,,,,
Snacks,NutHouse,audio,2022-08-01,,,7.747187198419281,,,,,,
Snacks,NutHouse,audio,2022-09-01,7.170663384075271,7.495561550088655,8.446606759651754,44137.078802864264,5888.428573085658,0.0027089469953938774,0.8202296382623845,0.0009950768935138787,0.7102929358681941
Snacks,NutHouse,audio,2022-10-01,7.103548483155674,7.237315806721251,3.6585894318576413,50121.48956179646,6925.425240563488,0.0029422021409660566,0.8351935890694028,0.0010474091781451018,0.716921390969089
Snacks,NutHouse,audio,2022-11-01,7.380415823424356,7.197728413262981,,64418.49279957418,8949.836545773618,0.0027285421659695996,0.8387850558363278,0.0009842966793061512,0.7229682651599431
Snacks,NutHouse,audio,2022-12-01,8.576442939928874,8.129748051929008,9.04482382987104,74583.79326680147,9174.182618009225,0.0023922438253428115,0.8467173620682257,0.0009842401271284503,0.7259567302641922
Snacks,NutHouse,audio,2023-01-01,7.400146465114669,7.365986122092818,5.469826526636549,40497.245409760304,5497.8715325429175,0.002541937526864987,0.8563662823275573,0.0009928434524577956,0.7334842781658498
Snacks,NutHouse,audio,2023-02-01,7.623555702843491,7.661546401253931,4.869694312951437,40366.08024244124,5268.6596319294895,0.0025082227589544336,0.8385579551057599,0.0009803219904327733,0.7530454639746318
Snacks,NutHouse,audio,2023-03-01,8.546753081636197,8.892932069639388,,48695.06836720166,5475.70452420832,0.002517871428533341,0.7564172571084846,0.0010516546941297385,0.7546879918898852
Snacks,NutHouse,audio,2023-04-01,9.381921085476828,9.295035273837716,5.543773475766392,53630.15778758135,5769.763772551951,0.0026325651427174753,0.7251179807153388,0.0010872887065262967,0.7434684229427311
Snacks,NutHouse,audio,2023-05-01,10.284266593607173,9.992806115579686,9.15410963125569,53712.13601715577,5375.080372410479,0.0025473778615886715,0.7444709657078226,0.0011435917029540984,0.7556144647537825
Snacks,NutHouse,audio,2023-06-01,11.735139035941074,11.427162366390599,11.76904262920823,56433.8132390263,4938.56754893136,0.0025215916082815077,0.643210152244251,0.0010856966150599838,0.7755328993424668
Snacks,NutHouse,audio,2023-07-01,9.295800649679162,9.101885275408938,8.328817298325916,56696.14357366443,6229.054954894181,0.0025314489629258115,0.8022997108312958,0.0011448258017711075,0.7493204741411434
Snacks,NutHouse,audio,2023-08-01,8.008316435992962,7.66108618383607,7.2369722823453735,56040.31773706911,7314.931119729099,0.0027855119182725522,0.7844430155205468,0.0010213224179256622,0.7463528508574805
Snacks,NutHouse,audio,2023-09-01,7.167863293527543,6.7808377941058655,5.517653087870327,54269.587978261785,8003.375043926689,0.002723535173090598,0.8092391348763083,0.0009395064835090522,0.7790263398232089
Snacks,NutHouse,audio,2023-10-01,8.66279391124312,8.145545549155262,7.632278416441704,51154.41525443407,6280.047781420738,0.0024835727404208295,0.7139663234903068,0.0008973415850710176,
Snacks,NutHouse,audio,2023-11-01,10.208862129470916,9.70713067813235,7.16230000672055,73747.61532514244,7597.262030403764,0.0023338750424337596,0.696996516550804,0.0009471016130413127,0.7905744737223797
Snacks,NutHouse,audio,2023-12-01,10.295149888867284,10.037832401094624,,81551.94278062662,8124.457504563774,0.002447191809712082,0.6930356994424443,0.0010547296206991604,0.7369096860203267
Snacks,NutHouse,audio,2024-01-01,8.940498325720851,8.645249816075966,7.404044506729006,45251.98272507629,5234.317537120742,0.002320710345204857,0.8210694175875674,0.001010829878610682,0.7301838941847172
Snacks,NutHouse,audio,2024-02-01,10.03867366294836,9.645127023514998,5.8099974535298315,43268.10956937548,4486.007230789914,0.0021702090415462597,0.7897900054207594,0.000990210351771259,0.7086760635452587
Snacks,NutHouse,audio,2024-03-01,8.732815423356815,8.543361616202239,8.091730766685433,61024.59409519346,7142.925330406486,0.0024191037641262394,0.7932176935487492,0.0009932552289311305,0.7836058987518526
Snacks,NutHouse,audio,2024-04-01,8.541483171632766,8.48711192898487,4.440936347916542,63664.293087489576,7501.290618080061,0.0025886094080786784,0.7746066313589489,0.0010450074053445862,0.7560603496114849
Snacks,NutHouse,audio,2024-05-01,8.236098439891471,7.99620105082296,7.153243643200133,53958.070705879014,6747.963234406882,0.002532729459124096,0.8225211158467677,0.0010123669451180956,0.738226824675931
Snacks,NutHouse,audio,2024-06-01,7.581844909855703,7.1700035895083305,6.779542030676448,50613.358939242935,7059.042343201066,0.0026008092140705212,0.8593915684442496,0.0009876304175679823,0.7303208447492099
Snacks,NutHouse,audio,2024-07-01,7.144721794636858,7.002906487270616,5.0822681841379,51843.03238285914,7403.073634796596,0.0026284119439323665,0.8239369654754141,0.0009203191181823555,0.738394747913077
Snacks,NutHouse,audio,2024-08-01,7.6443066613923385,7.589972850874887,5.103413109446774,50810.10669022153,6694.372653041139,0.0027117113345867068,0.7669996165262533,0.0009253824924643152,0.7316286463839717
Snacks,NutHouse,audio,2024-09-01,7.188594153347684,7.098768528113452,5.513142255294792,49924.74181081786,7032.873605203425,0.0027662235898019624,0.8581907999027973,0.0010390400702624954,0.7327711934287189
Snacks,NutHouse,audio,2024-10-01,10.350195870549983,10.154036178362967,9.757012596355741,58368.49945698246,5748.3052484448235,0.0022951774670923073,0.7574522662333408,0.0010443614722032385,0.637288361743578
Snacks,NutHouse,audio,2024-11-01,8.27433743947518,8.268978847971557,,75206.82781156701,9095.056257159953,0.002362134186603322,0.8277262702184158,0.0009954014831550766,0.6768344579474265
Snacks,NutHouse,audio,2024-12-01,9.739164566618014,9.334408057355047,6.342878107524024,89716.97444623821,9611.426230241319,0.0025252980817935065,0.7668895101126082,0.0010882550256232565,0.7014244552435017
Snacks,NutHouse,audio,2025-01-01,8.139751861777356,7.843214863274675,6.76571930260605,51269.18477583824,6536.756377273654,0.0024849008886614382,0.8594210330362416,0.0010336895168491106,0.7463284458736029
Snacks,NutHouse,audio,2025-02-01,9.39827530379944,9.065658527458709,,57745.464912216914,6369.693358437598,0.002529105521927793,0.8425520315393649,0.0011247400186239465,0.7831796918801659
Snacks,NutHouse,audio,2025-03-01,8.802808219524692,8.273724820626033,7.39421287646671,67418.89600199772,8148.554304576988,0.0026705541928574894,0.8792138869850009,0.0011828913139493734,0.7647261632757347
Snacks,NutHouse,audio,2025-04-01,8.246142201509619,7.995653507662214,5.604944088330375,62287.05883063943,7790.114813123142,0.0026568353906735224,0.8658569315464202,0.0011356618238937937,0.7811751709800396
Snacks,NutHouse,audio,2025-05-01,7.235144912801556,7.1047918911024714,,59778.52500566238,8413.83194918414,0.0028730338984879512,0.7909223490490824,0.001006876115884641,0.7375314914426241
Snacks,NutHouse,audio,2025-06-01,8.13433061750739,8.272040188450388,8.480583235052087,66943.42227046612,8092.734167797452,0.0029534687472591464,0.809678255907699,0.0011892935351762756,0.6919727628720383
Snacks,NutHouse,audio,2025-07-01,9.677005479706057,9.821880047369447,9.436070468343846,61106.572324767876,6221.474099669318,0.0028092593663204767,0.7190792995456909,0.0011964429709237791,0.626981678704801
Snacks,NutHouse,audio,2025-08-01,8.971904724513065,9.380247833606644,8.797346689634661,51269.18477583824,5465.65353978772,,0.7418096552372041,0.001161834188007392,0.5461699592714951
Snacks,NutHouse,audio,2025-09-01,12.962124619446813,13.109560777039103,15.692484854054497,47465.39492358545,3620.6701148004354,0.0022154953577512276,0.6965506184687256,0.0012084187322167787,0.5031123512752388
Snacks,NutHouse,audio,2025-10-01,12.548554640916285,12.520197675340397,11.29286478600021,54269.587978261785,4334.5631902562045,0.0022967733588817986,0.7129215773447705,0.001221562270098575,0.600515531596504
Snacks,NutHouse,audio,2025-11-01,14.589881037809063,14.66090505776489,,67992.74360901861,4637.6907388133895,0.002187626291187648,0.6440342645206762,0.0012711961906593813,0.5347669661684036
Snacks,NutHouse,audio,2025-12-01,12.298920782281572,12.366172414849917,9.022107028841106,84027.68531377391,6794.963105388153,0.002365065986549409,0.6496761741455352,0.0011702363938533185,0.5919681054323248
Snacks,NutHouse,digital_video,2022-01-01,5.7094672483997355,5.92421038633337,3.9139515175742767,61336.11136757623,10353.466093822937,0.005470520582131278,0.6784264526454975,0.0013599039700359196,0.7390817707889819
Snacks,NutHouse,digital_video,2022-02-01,6.291656524601191,6.2483685540593115,5.8758040228015895,54712.27041796361,8756.248922355784,0.005309774431901468,0.649862618550971,0.0012910336611379413,0.7244634479391424
Snacks,NutHouse,digital_video,2022-03-01,6.998024327508267,6.974417432508362,,61647.628639959,8839.107959413797,0.004576001911726812,0.6796699699664588,0.0012961067772051563,0.7176798074901107
Snacks,NutHouse,digital_video,2022-04-01,6.05598430274375,6.289714447443418,5.08433118189715,53253.05793153906,8466.689287171826,0.00430440868685119,0.7180028228605687,0.0011764500577594833,0.6715653165227383
Snacks,NutHouse,digital_video,2022-05-01,5.418553430990696,5.46176940624013,4.591568314431464,57286.3868266002,10488.61322507499,0.005261716691313514,0.7269119984111851,0.0012701249593081083,0.6577718257603096
Snacks,NutHouse,digital_video,2022-06-01,5.604046148912084,5.503656484423485,,50301.841666860164,9139.713172365507,0.004891827000929358,0.7081206455694977,0.0011586434588010826,0.6657178899183306
Snacks,NutHouse,digital_video,2022-07-01,5.0249195094145485,5.253167387492668,4.439172666606968,52892.35372141164,10068.659500046335,0.005446354029275288,0.7035117034688607,0.001237504127817732,0.6655822885915003
Snacks,NutHouse,digital_video,2022-08-01,5.428979154027964,5.696966991304222,5.742410727032421,49711.59841392439,8725.976206252124,0.005061833650447468,0.6717973828818327,0.0011759967302261327,0.6870425211376057
Snacks,NutHouse,digital_video,2022-09-01,5.346938573051664,5.529949027805876,,53630.15778758135,9698.128774409382,0.005049042722382596,0.7089793679661804,0.0011669291456801595,0.7136898499154577
Snacks,NutHouse,digital_video,2022-10-01,5.431289839167363,5.4572991844581775,8.713920117417572,67714.0176284656,12407.972394349958,0.005295555037489172,0.7731305622998291,0.0013254434358446593,0.7769931905923367
Snacks,NutHouse,digital_video,2022-11-01,6.1658498705788976,6.2588303480915615,4.910477097464164,92045.15616615156,14706.44689933446,0.004999748504248721,0.7273937530583866,0.0013819849308302952,0.7557002373176153
Snacks,NutHouse,digital_video,2022-12-01,5.580273294456938,5.744730684575717,6.479103493769282,119409.4891980908,20785.915955764238,0.005568614489936664,0.7486912781674977,,0.7728236675901823
Snacks,NutHouse,digital_video,2023-01-01,6.506747087339888,6.519981764222074,,64975.94476068019,9965.663572439875,0.00545991008109549,0.7159755422400945,0.001552263629908581,0.7309018729872787
Snacks,NutHouse,digital_video,2023-02-01,6.412935694280945,6.490800882668142,5.69763613239073,56614.16534409001,8722.215696873742,0.005510762352889197,0.6477213498346756,0.001417802322786269,0.6806095675052165
Snacks,NutHouse,digital_video,2023-03-01,6.76137093269959,6.730677550050752,7.586005507215146,78322.00053539472,11636.570011410537,0.00531398032471095,0.6895336579408946,0.0015167471673106867,0.6839892013681743
Snacks,NutHouse,digital_video,2023-04-01,5.522693528096922,5.6490990038390505,3.5235086661199886,66730.27887357265,11812.552555411698,0.005478337871066577,0.7316992415393767,0.0013379007837259456,0.6522223106603793
Snacks,NutHouse,digital_video,2023-05-01,4.782571232689805,5.009895574598604,4.699745829666082,69074.85623940088,13787.683837089799,0.0058754626733110785,0.7617925762246421,0.0014030570789867833,0.6755451962133806
Snacks,NutHouse,digital_video,2023-06-01,5.452193148581287,5.519951361751005,4.078951671438272,66041.66174514758,11964.174576385805,0.005594046243913913,0.7312618162939799,0.0013437440657600508,0.669021281889628
Snacks,NutHouse,digital_video,2023-07-01,5.45590707059727,5.468056489900123,4.3427726609481105,56401.02194719653,10314.637760486401,0.005998289956284735,0.6401041181883084,0.0012693488700617134,0.6327697536764708
Snacks,NutHouse,digital_video,2023-08-01,5.93808485222845,5.824016014746639,4.477252260148688,66320.38772570058,11387.397898250063,0.005522341234327356,0.6624046244110326,0.0013477013779788138,0.7098437502618298
Snacks,NutHouse,digital_video,2023-09-01,6.015188675852873,6.011649060001056,4.266955114102604,69550.32997093248,11569.25982817105,0.005647019604592457,0.6904547522183726,0.0014257381858971982,0.6979392223486643
Snacks,NutHouse,digital_video,2023-10-01,6.218741437387016,6.331080872075114,3.8823038873625424,68222.28265182697,10775.77178846967,0.0056413009672424625,0.6808043839063477,0.0014740273588114798,0.6602017835996185
Snacks,NutHouse,digital_video,2023-11-01,6.916263365973117,6.784055493352375,6.686198213644731,146183.57897709426,21548.110731160443,0.00821068006215924,0.6770387008250995,0.0023102426402898885,0.7048256040903252
Snacks,NutHouse,digital_video,2023-12-01,6.147308287129316,6.285933453302196,5.611088593101517,154824.08437423746,24630.245535434926,0.007573955201813242,0.7113428313483011,0.002062978082603334,0.6894672609149457
Snacks,NutHouse,digital_video,2024-01-01,6.140460242430534,6.054509030757152,5.138898794568116,82945.57268339164,13699.801629170055,0.006447236186739825,0.7581097686442396,0.0017808652777708785,0.7290840088209419
Snacks,NutHouse,digital_video,2024-02-01,6.2237028224263415,5.988173287513787,6.126686614477292,71681.76393986722,11970.556044083449,0.006270303088968271,0.7811639287446782,0.0018205657686114639,0.7051048701297433
Snacks,NutHouse,digital_video,2024-03-01,6.51362365121422,6.232092387950052,5.942853553804533,85782.01942666636,13764.561576867603,0.006261444056650167,0.7608513391668567,0.001764923736180261,0.6947679753602227
Snacks,NutHouse,digital_video,2024-04-01,6.810506601306065,6.718578110637013,,78617.12216186262,11701.452430447167,0.005603915372459458,0.6662559033449392,0.0015407579747511331,0.7122035793749936
Snacks,NutHouse,digital_video,2024-05-01,6.486169340229771,6.549842701447891,10.211043096437448,74649.375850461,11397.12497736155,0.005175610211495927,0.7012320788384636,0.0014712356400832735,0.7303104626689579
Snacks,NutHouse,digital_video,2024-06-01,6.348879338446414,6.4201931702669945,6.739633790196771,73747.61532514244,11486.821871136242,0.005158927315654881,0.6518455266789378,0.0012950547113920435,0.7468595432099918
Snacks,NutHouse,digital_video,2024-07-01,5.917887807114004,6.143631740528546,,72517.94188152625,11803.757930856613,0.005141321165965495,0.6851496361073028,0.0013032407581897987,0.7342119314380415
Snacks,NutHouse,digital_video,2024-08-01,5.348517720821166,5.605287954242069,4.40551526292138,63434.75404468122,11316.948310688293,0.00504226329609318,0.7000895954647877,0.0012058196907675505,0.7428541226651433
Snacks,NutHouse,digital_video,2024-09-01,5.658339735341344,5.744955872688497,5.216291086156509,67386.10471016796,11729.612237845255,0.005138007829677834,0.7043120113993788,0.0012787020855485856,0.7543896435802421
Snacks,NutHouse,digital_video,2024-10-01,6.6844625226524625,6.65118073415573,4.289982495655946,91815.6171233432,13804.40868969979,0.004952961060535962,0.7019071891849185,0.0014380581504701707,0.7470235020868037
Snacks,NutHouse,digital_video,2024-11-01,4.950096013831665,5.054603503650284,,111834.70078541499,22125.316200301626,0.005874093207230333,0.7550271703624634,0.0013680739793520676,0.7328754143100836
Snacks,NutHouse,digital_video,2024-12-01,6.748375333087145,6.735073310671012,5.03010224680998,113507.05666873303,16853.128604983867,0.005189918916024321,0.6502480363061913,0.0013719087741939215,0.688155155269228
Snacks,NutHouse,digital_video,2025-01-01,6.332434877316887,6.2595672978329,9.703661014022208,68140.30442225256,10885.785099849178,0.005005374581784783,0.744632676643353,0.0014260142131204004,0.7148413787516695
Snacks,NutHouse,digital_video,2025-02-01,5.356385720801047,5.1405392485507155,3.8765154151359633,54499.12702107014,10601.830739145744,0.0049103441818204654,0.8177900909553952,0.001229527637641598,0.7169975531070982
Snacks,NutHouse,digital_video,2025-03-01,4.585476323811016,4.407975591188439,3.637485694726275,64975.94476068019,14740.540961834582,0.005651938124475237,0.8043073586421445,0.0012285898496115556,0.7059693020573266
Snacks,NutHouse,digital_video,2025-04-01,5.388054022656247,5.129976140178758,3.231228004849777,71157.10327059097,13870.844878454242,0.005073661193817551,0.7966713502070094,0.0013007055814409881,0.7449263543287231
Snacks,NutHouse,digital_video,2025-05-01,5.099657657021157,4.88671182894914,,61664.024285873886,12618.715087837376,0.005248680257066911,0.6935646415212364,0.0010800562094358892,0.6964644510347434
Snacks,NutHouse,digital_video,2025-06-01,5.379173968458442,5.1197794295499435,,70452.09049625102,13760.766741164893,0.005306430650279639,0.6722078423704212,0.0010941369272949716,0.7487366907759864
Snacks,NutHouse,digital_video,2025-07-01,6.001729431787081,5.642561508107956,5.835239489096082,76682.43594390646,13590.00443924613,0.0053708524888108,0.7001187182137,0.0012737094815258808,0.7372719826401005
Snacks,NutHouse,digital_video,2025-08-01,6.439545883103314,6.002936557335547,,79436.90445760675,13233.007495395801,0.005697550783105708,0.6659792398286765,0.0013824046110215578,0.7390863211470127
Snacks,NutHouse,digital_video,2025-09-01,6.52818076922146,5.276882219204072,4.424108645113896,79092.59589339422,14988.508859559875,0.005903432356930526,0.7397349155838454,0.0014014892296263996,0.7208334681921645
Snacks,NutHouse,digital_video,2025-10-01,7.627406393043916,6.581824228965534,,73288.53723952573,11134.988521418552,0.005511367058842379,0.6704189608897918,0.0014555529172640067,0.6742798186946628
Snacks,NutHouse,digital_video,2025-11-01,7.2066097337827495,6.1607886671829215,,93242.03831793799,15134.756823361997,0.00546002068551315,0.6959468811036923,0.0014359761395565979,0.6856751474862468
Snacks,NutHouse,digital_video,2025-12-01,7.839157332708243,6.746841096289379,,111851.09643132988,16578.29120843614,0.0047772875101928635,0.7342024450148866,0.0014511634939063968,0.7060181656675993
Snacks,NutHouse,display,2022-01-01,6.909001960539236,6.916899702234327,7.763166060165537,32266.63116048918,4664.89793831567,0.003386054422951711,0.5755580429754066,0.0008510327077800579,0.6191482609176692
Snacks,NutHouse,display,2022-02-01,7.585128795967128,7.496005693912735,6.243012874819655,28889.12810202334,3853.936253741546,0.003376982909156483,0.535045988302311,0.0008167062035425622,0.6140226701998253
Snacks,NutHouse,display,2022-03-01,7.233136768706072,7.420147944081689,,30987.77077912833,4176.166164428591,0.0034752527169620586,0.5266951903680908,0.0008396282241215477,0.6065835364935036
Snacks,NutHouse,display,2022-04-01,8.07282152886187,8.16083285435472,9.023287336878864,31266.496759681333,3831.2874822570534,0.003294880015321187,0.48775142994997495,0.0008457928373680367,0.6038288961288739
Snacks,NutHouse,display,2022-05-01,7.304714652046214,7.366413727815446,6.319059285212152,28774.358580619162,3906.155646942243,0.0033535646602745996,0.5100751693578275,0.000777289799643621,0.6038743980379617
Snacks,NutHouse,display,2022-06-01,6.983924173402665,6.829711075779967,5.7722012719901095,31758.366137127818,4650.030694526993,0.0034556548594762643,0.5311285773303247,0.0007606885797943105,0.6353471358092738
Snacks,NutHouse,display,2022-07-01,7.214972322810039,7.1980177933602425,6.370499265386567,28889.12810202334,4013.4838411585893,0.0031022838212001634,0.4956754157291082,0.0006920750546615135,0.6244248409293194
Snacks,NutHouse,display,2022-08-01,6.709638395050448,6.736434733249243,7.675141900872634,29889.26250283119,4436.955702295425,0.003187607854565731,0.52009796064886,0.0006950709176399757,0.6427497873494191
Snacks,NutHouse,display,2022-09-01,6.556246722973579,6.417919408171584,5.831745918107825,30807.41867406462,4800.218998518309,0.003219145247057162,0.5511158436875211,0.0006784128890612889,0.6513108577126351
Snacks,NutHouse,display,2022-10-01,5.814213260245363,5.745772755852531,6.280069067277259,31315.683697425982,5450.212709078764,0.003519633543065276,0.5605484633424627,0.0006774478959720885,0.650598550764023
Snacks,NutHouse,display,2022-11-01,5.747471133451721,5.850063403975027,4.758843258887263,38251.04191942137,6538.568777464938,0.003110734907957927,0.5789418078152061,0.0006614942392639336,0.5936903417658957
Snacks,NutHouse,display,2022-12-01,6.1107535759931375,5.837705498648325,,46662.008273756204,7993.210394830713,0.0031526766744216987,0.5850688328817679,0.0006715648534412124,0.6234877214307643
Snacks,NutHouse,display,2023-01-01,6.597790753454569,6.5596608622351615,5.812265146623143,25691.977148621212,3916.6624141399343,0.0031588525017641066,0.5593633839103019,0.0007142982234576388,0.6066347241232521
Snacks,NutHouse,display,2023-02-01,6.667409159504819,6.652087569875962,6.824723634397308,26806.88107083324,4029.844885420396,0.0034661407412282103,0.5181747313128965,0.0007132900783519568,0.6226789606376569
Snacks,NutHouse,display,2023-03-01,5.7361570457770314,5.68273403430566,5.813056613722816,25708.372794536095,4523.944397070001,0.0034547769394831845,0.5140261785103967,0.0006355683033765937,0.594270211954915
Snacks,NutHouse,display,2023-04-01,5.457529657507147,5.3916876695960605,3.7972930103954328,24741.029685558016,4588.735698670689,0.003834341051419236,0.48231403181318994,0.0006344392116060375,0.5709151307862265
Snacks,NutHouse,display,2023-05-01,5.221931838895433,5.2031388241472465,4.537436307217113,27675.85030432202,5319.068208574633,0.003842556861858763,0.5071091818642991,0.0005995517608721127,0.6284620536441833
Snacks,NutHouse,display,2023-06-01,5.655463521785917,5.666027615275326,,32053.487763595705,5657.135817196004,0.0036223206090208594,0.5344483530652814,0.0006547619492285626,0.5983869362976235
Snacks,NutHouse,display,2023-07-01,6.071316995691468,6.111456326940199,,36316.35570146521,5942.340705500483,0.0036158633184436525,0.5095910046737401,0.0007020992275653925,0.6272185407648215
Snacks,NutHouse,display,2023-08-01,5.635340084060668,5.807893850040873,6.471301102822911,37398.46833184747,6439.247909392194,0.0034867812907691848,0.5797468181680197,0.0007219693621032361,0.622317720879688
Snacks,NutHouse,display,2023-09-01,5.744629058465214,5.578885311452351,4.845375966791096,33233.97426946726,5957.099387084454,0.003658118476582899,0.5606154138042965,0.0006887765096222336,0.6067433604717171
Snacks,NutHouse,display,2023-10-01,6.774857148758027,6.679371747511306,,34840.747569125764,5216.1713535569,0.0033085072706971353,0.5250826810506241,0.0007128814258976217,0.6052533948177581
Snacks,NutHouse,display,2023-11-01,7.614006247639828,7.443541943057417,5.533656207290681,36529.49909835868,4907.542588972674,0.0031882183665324485,0.4956112491388279,0.000713143767836714,0.5141428483650076
Snacks,NutHouse,display,2023-12-01,6.7287765621849775,6.680302924130957,4.274016888973207,36906.598954400986,5524.689430038411,0.003379136920893521,0.5144031126665187,0.0006876345691918054,0.47391915385374783
Snacks,NutHouse,display,2024-01-01,7.313457139827781,7.338196984323181,5.984999982736165,18674.64069705141,2544.8541020289626,0.0036652099635117634,0.4769216832887861,0.000764062401265445,0.3725936274307227
Snacks,NutHouse,display,2024-02-01,9.58788280664196,9.709982073765056,10.793136704597721,19691.17074377414,2027.9306999934413,0.003130168916991002,0.43620793718938294,0.0008073726589764125,0.39636387839341947
Snacks,NutHouse,display,2024-03-01,8.395255013191615,8.777120523463054,6.17083773446398,27380.72867785413,3119.5571035694215,0.003534661461491783,0.4643580088671363,0.0008417089886315432,0.42875949569995264
Snacks,NutHouse,display,2024-04-01,8.575804165276654,8.858765037147807,5.716126286073796,24183.577724452003,2729.9039564817513,0.003478998946519424,0.4006316343530601,0.0007904339927011165,0.4127329823564556
Snacks,NutHouse,display,2024-05-01,9.994534119471075,10.304077314535444,6.378795767049749,24331.138537685947,2361.311721076009,0.003076039648757178,0.4299547926212689,0.0008415904597504427,0.4409627551520417
Snacks,NutHouse,display,2024-06-01,9.374229044256694,9.307384369425503,9.296312463384245,32102.674701340355,3449.1618082086243,0.00257898665705991,0.5292560700028578,0.0007437202597752884,0.6051635468120236
Snacks,NutHouse,display,2024-07-01,8.975163437495356,9.182825390785943,5.890339633981497,31266.496759681333,3404.888520591295,0.002565594941714227,0.5310181722693847,0.0007665553308531754,0.6050944538063503
Snacks,NutHouse,display,2024-08-01,7.926687451169593,8.153828869868583,7.767615058304147,30791.023028149735,3776.2655458632407,0.0028744370416515265,0.5074261684847139,0.000729969248554674,0.5927401933444212
Snacks,NutHouse,display,2024-09-01,7.809149870614621,8.122598813641385,6.587767977694203,33414.32637453097,4113.748215461995,0.003065468121419544,0.48827871993614186,0.0007188612051527487,0.6143594810086337
Snacks,NutHouse,display,2024-10-01,6.215793386121728,6.1676639132915145,4.321119815884728,32315.818098233827,5239.55561660748,0.003336686866950109,0.47042158525834804,0.0006145970458419704,0.6073886351643752
Snacks,NutHouse,display,2024-11-01,5.99706562472387,6.086837408346384,4.156460783277677,43612.41813358802,7165.037474762487,0.0032642122499413656,0.523415696892577,0.0006404272788808896,0.5798886845178888
Snacks,NutHouse,display,2024-12-01,7.414967739797144,7.391073913173933,6.533622919387186,52728.397262262806,7134.064397364383,0.0030996174966742727,0.4809265469438036,0.0006745747714209554,0.631336973273888
Snacks,NutHouse,display,2025-01-01,7.090929467023653,6.923254586424368,4.998420199375517,26970.837529982065,3895.687670198997,0.003138807734767899,0.49785145945035103,0.0006746367208583885,0.6218728189663754
Snacks,NutHouse,display,2025-02-01,7.268875344234409,7.179766612633278,6.121398518521043,29085.875853001933,4051.0893211797993,0.003258239677302695,0.5222494935129302,0.0007703535912648298,0.6142465846479351
Snacks,NutHouse,display,2025-03-01,6.682826642546315,6.842400765771888,,31971.50953402129,4672.557283395925,0.0033773416501103864,0.48365151468749873,0.0007036608424405404,0.6018425311923294
Snacks,NutHouse,display,2025-04-01,6.141487497300277,6.439365476835936,6.004305889365474,35021.09967418948,5438.594811890929,0.0032402240304631046,0.530749957245138,0.0006867616087973293,0.6302435875697096
Snacks,NutHouse,display,2025-05-01,5.749207977410412,5.81002360292995,5.8549456783231335,31086.144654617627,5350.433454167231,0.00350670119294265,0.5139211847245443,0.0006607032304554099,0.6094852628639056
Snacks,NutHouse,display,2025-06-01,5.989144137636002,6.209860214302936,5.47287294669015,28839.941164278694,4644.217449187141,0.00335959608021401,0.5140820731887471,0.0006588305156402246,0.5725254770407595
Snacks,NutHouse,display,2025-07-01,7.770362456815253,7.882014454266397,5.360343252708753,30348.340588447903,3850.327954171776,0.0032117459431839973,0.4729551595838074,0.0007280682919373681,0.5684304254370542
Snacks,NutHouse,display,2025-08-01,8.18397161621026,8.238349543106962,7.7990340922981005,37316.490102273056,4529.607527213483,0.0031844931540553263,0.5041860560121865,0.0007927987350900946,0.6119029765424975
Snacks,NutHouse,display,2025-09-01,6.9482810244586055,6.918479700945573,6.703959575007188,35152.264841508535,5080.923318558577,0.0035069477492915366,0.5123447936430954,0.0007386409999861669,0.6287811554454178
Snacks,NutHouse,display,2025-10-01,7.190617226267177,7.0944794023290365,5.863088533407138,30725.440444490207,4330.894305564323,0.003462528652386023,0.47028931540496505,0.0007024573013436254,0.614742729672691
Snacks,NutHouse,display,2025-11-01,6.385681603506235,6.4663666775761515,5.138546799475738,42169.60129307834,6521.374891917692,0.003315504537699475,0.5142229058443221,0.0006597639935045851,0.6430752337748972
Snacks,NutHouse,display,2025-12-01,5.777846755796724,5.958696722376739,8.507526968360175,52580.836449028866,8824.217593013529,0.0035608207339582164,0.5758429648272989,0.0007408153871164416,0.6471063792000785
Snacks,NutHouse,paid_search,2022-01-01,1.9303927030284962,2.033160605303405,1.3450304974848546,206371.99513062873,101503.04633697751,0.03211264929273365,1.4185120232681747,0.00563861982343962,0.5919258582210573
Snacks,NutHouse,paid_search,2022-02-01,1.910601289668702,1.937514745169405,1.647292500133874,172711.7340673745,89140.86176529902,0.03401348889825497,1.343940142402892,0.005383515878679183,0.5823593447876657
Snacks,NutHouse,paid_search,2022-03-01,1.7200258074320625,1.7578089085528072,2.1574906738581774,217373.47353951502,123661.60649309555,0.03411576756042217,1.365189623690088,0.004986096141683809,0.6349564020584233
Snacks,NutHouse,paid_search,2022-04-01,1.7544895300186298,1.7658602413847164,1.426478372298164,203125.65723948195,115029.2942097156,0.03591804862652812,1.3269497642058856,0.005081210576250107,0.6184246675778976
Snacks,NutHouse,paid_search,2022-05-01,1.6720371493293713,1.6327253732432894,1.44110358808181,227063.3002752107,139070.1118487343,0.037348954630645165,1.4301592111222046,0.005267509139105324,0.6367781882048477
Snacks,NutHouse,paid_search,2022-06-01,1.5184382777549088,1.5402959816918729,1.3836150571964076,196862.52049999675,127808.24129902713,0.03662318748319104,1.3799503476540966,0.004779293371339398,0.6171053422175949
Snacks,NutHouse,paid_search,2022-07-01,1.4365308798653182,1.4514120987525014,0.9141584111300523,195288.538492168,134550.71696041382,0.03570091759583073,1.47937589427729,0.004641813542607797,0.6430370461392361
Snacks,NutHouse,paid_search,2022-08-01,1.6026376611721023,1.6197354110474138,1.6953063377795974,202420.644465142,124971.42624933117,0.03342364053664608,1.4189849808601147,0.004606531649368802,0.6165690362675245
Snacks,NutHouse,paid_search,2022-09-01,1.6555037945259832,1.6525357426357512,1.6647187778340002,203158.4485313117,122937.40055950578,0.032245055248359834,1.443486333433205,0.004744923672585679,0.6252119808242902
Snacks,NutHouse,paid_search,2022-10-01,1.7001093278893893,1.6515250279125933,,207208.17307228773,125464.74898668879,0.03093327324625718,1.4925085826902298,0.004660351346752216,0.6311604329747549
Snacks,NutHouse,paid_search,2022-11-01,1.6309445731423247,1.649396839009543,1.0773707477945136,336356.6759438189,203927.07684937716,0.031845796218228084,1.5640018778520812,0.005068527277621422,0.6902231459241038
Snacks,NutHouse,paid_search,2022-12-01,1.6030991995251125,1.5939839450304405,1.1297911794423194,358539.9848666552,224933.24727923036,0.029969752666493116,1.5658968100472022,0.004604397382233416,0.6874311162499548
Snacks,NutHouse,paid_search,2023-01-01,1.7948960367555713,1.7473102192994416,,173236.39473665075,99144.61257263598,0.029724381843006586,1.3571414648429379,0.004310730713860742,0.6559351907265607
Snacks,NutHouse,paid_search,2023-02-01,1.99788804508334,1.971367414319676,1.4533183442022686,189484.4798382995,96118.29761510545,0.02558198108387203,1.4818206677731511,0.004512881587060409,0.6664692558316773
Snacks,NutHouse,paid_search,2023-03-01,1.779833407853098,1.7699027100652631,,243081.8463340511,137341.92560510163,0.030395364486025728,1.430615253902019,0.004694199924247165,0.7085729496443659
Snacks,NutHouse,paid_search,2023-04-01,1.7197233230271467,1.6973406839498362,1.3972430789648604,216029.03057449462,127274.99706881428,0.029946977706916393,1.435038471421162,0.004408560951201157,0.6445236034531364
Snacks,NutHouse,paid_search,2023-05-01,1.8227821402866429,1.7933132952904753,1.539593922727296,217947.32114653592,121533.32143295881,0.030899790109981055,1.3423311659390849,0.004490389403540532,0.6219899043735164
Snacks,NutHouse,paid_search,2023-06-01,1.7395114823546018,1.6988118636428748,1.5945171378094893,219996.77688589625,129500.37705419751,0.033363655878140636,1.3204622833652573,0.0046084736851222914,0.6220360326277254
Snacks,NutHouse,paid_search,2023-07-01,1.8492977925332674,1.7982830369811533,,226718.99171099818,126075.2545892887,0.03283482874784499,1.295204998862633,0.0046876721340705935,0.617694128268002
Snacks,NutHouse,paid_search,2023-08-01,1.7220529994579519,1.7288776512926134,1.4596797496673497,239327.24341954297,138429.25393859274,0.034596689472146905,1.3533813102595982,0.004911144242987129,0.6169179896005489
Snacks,NutHouse,paid_search,2023-09-01,1.9748195608489667,1.9360780933129524,1.757545357023057,205470.23460531016,106127.03863288714,0.030798227320055716,1.3341761095340643,0.004799770770630652,0.5928430107500455
Snacks,NutHouse,paid_search,2023-10-01,1.8040348519728753,1.735304580842805,1.5409211958464706,248574.3877155368,143245.3936096964,0.03502693378711261,1.4472740220830946,0.005402320364471565,0.6429018685633984
Snacks,NutHouse,paid_search,2023-11-01,1.9210022081850302,1.8650744153999652,1.5275170718774345,315632.5795074071,169233.23643347478,0.035364077650678505,1.3612383584169847,0.0054817687668839606,0.6068604186511545
Snacks,NutHouse,paid_search,2023-12-01,1.7629463268243608,1.7890164276963674,1.4002455844191009,346767.9110997694,193831.59692182715,0.03396745209815349,1.3703285065417723,0.005124763468041364,0.6130919330128706
Snacks,NutHouse,paid_search,2024-01-01,1.927927833048602,1.9515177339715304,2.448371146784984,214602.60937989983,109967.03009362996,0.03529743901822693,1.2480935907480588,0.005177154535073677,0.6473746258794926
Snacks,NutHouse,paid_search,2024-02-01,2.2358590113946835,2.2435434046241234,1.7502492389835604,203322.40499046052,90625.57228507221,0.031388258789469006,1.2285547852001222,0.005220516590583213,0.6435514818935676
Snacks,NutHouse,paid_search,2024-03-01,2.4269668569153606,2.497704214904606,2.8167457111204737,261231.82636182627,104588.77588586022,0.030466948346723075,1.2054953421606756,0.005592797725519185,0.6180361860974054
Snacks,NutHouse,paid_search,2024-04-01,2.039233207243291,2.095000130931539,1.5672018316884628,241884.96418226467,115458.20957763417,0.03305739548442626,1.2212372234312177,0.005262151782005155,0.5924915278327483
Snacks,NutHouse,paid_search,2024-05-01,2.1269032261714274,2.2375105930133588,2.2725680581545378,247262.7360423462,110507.96220336373,0.028646794703293815,1.3945982105421975,0.0054787203550320214,0.6030294598562838
Snacks,NutHouse,paid_search,2024-06-01,2.1129651031040573,2.1523236400102776,2.668678395396296,227571.56529857207,105732.96741631541,0.03024769550001413,1.3641555377034036,0.0053906142843615544,0.5970920072729263
Snacks,NutHouse,paid_search,2024-07-01,2.275161774388289,2.293747535213587,1.8408895983121927,272397.2612298614,118756.42678543374,0.03123622935178608,1.3298889872722093,0.005790700254823384,0.6165795744682009
Snacks,NutHouse,paid_search,2024-08-01,2.0310090568876027,2.121795205942239,1.59845610806926,264314.2077938242,124571.02695566161,0.034523633398011545,1.341160674780763,0.005987447199464474,0.590264261505116
Snacks,NutHouse,paid_search,2024-09-01,2.6549953979767196,2.7086237644763274,2.149522208062453,260576.00052523098,96202.36074965159,0.030122737665400665,1.1597912035208997,0.00577022548874822,0.6268884391924835
Snacks,NutHouse,paid_search,2024-10-01,2.127512483599811,2.158065775360059,1.7999005513678736,296318.5086196753,137307.4500336935,0.033138037866837125,1.2714359134182778,0.005484143499949662,0.6337713503650232
Snacks,NutHouse,paid_search,2024-11-01,2.27593398856628,2.270098228590266,,396610.67468101287,174710.79871610162,0.031105800720413,1.2923256630700388,0.00554075903456387,0.6400476326389635
Snacks,NutHouse,paid_search,2024-12-01,2.287672669467455,2.3043915054873287,1.9335202822781952,442846.3961609821,192174.98203167942,0.029991828996159414,1.2807737762531453,0.005360806838004576,0.674485516772314
Snacks,NutHouse,paid_search,2025-01-01,2.5787175183013136,2.639391946320937,2.049435109324381,267003.093723865,101160.83520526085,0.027841386928620954,1.3067342918718705,0.005830869264865527,0.6512838814558956
Snacks,NutHouse,paid_search,2025-02-01,2.4259240362588907,2.5074563805655754,3.1856302299313883,235080.77112758835,93752.68616818935,0.02669050391722705,1.396604837971508,0.005631062559980714,0.6292146856147841
Snacks,NutHouse,paid_search,2025-03-01,2.016378736803951,2.0860628115782336,1.7113180582410268,253755.41182463977,121643.22685598252,0.028687270422306864,1.4644342003970687,0.005348460403378232,0.6191897323450666
Snacks,NutHouse,paid_search,2025-04-01,2.2807926564296306,2.3303922806909134,1.7758884800977992,248459.61819413264,106617.0791299006,0.027195273533538015,1.3254730923567586,0.005147741780804993,0.6212924748109205
Snacks,NutHouse,paid_search,2025-05-01,1.7537764908583064,1.7723172598017767,1.801890919054708,243147.42891771064,137191.81911307757,0.029635173410097054,1.4979071625749552,0.004779585700857608,0.6251234041086933
Snacks,NutHouse,paid_search,2025-06-01,2.2781428913476667,2.303825690075968,2.3409181138365733,251689.56043936455,109248.52584271041,0.02863845808276221,1.3041174359297905,0.005098555698291788,0.6096656922845222
Snacks,NutHouse,paid_search,2025-07-01,2.2697932206685367,2.3088050526092303,2.6127790991845967,213815.61837598548,92608.77965177174,0.026978205984379493,1.2833810927351958,0.004871606014858792,0.5706878004425958
Snacks,NutHouse,paid_search,2025-08-01,2.5016413328025884,2.550078382714617,3.2157674443400133,236474.4010303534,92732.2087953316,0.027160182441918576,1.2670757903879375,0.0053292293502772495,0.5808278312814829
Snacks,NutHouse,paid_search,2025-09-01,2.276087444381224,2.1784392201499494,1.9703952939117153,220259.10722053438,101108.67688352268,0.028869589696695737,1.263479417218868,0.004872345949724355,0.6097587209277845
Snacks,NutHouse,paid_search,2025-10-01,2.196454414542203,2.1713425252496785,1.7530237376768485,229834.16443482589,105848.87541333337,0.028850540184770027,1.3070505589238899,0.005023408789184476,0.6231394816806374
Snacks,NutHouse,paid_search,2025-11-01,2.283727236223955,2.295672346695449,1.3346577473258603,344636.47713083465,150124.418942855,0.029411583281025222,1.3082852046018265,0.005444329925763379,0.6576352680370211
Snacks,NutHouse,paid_search,2025-12-01,1.9278885279667064,1.7988880758000552,1.2734010821191954,369508.6719837117,205409.48431123086,0.030994652270986363,1.3763609484741517,0.004676065711866672,0.6983983799573543
Snacks,NutHouse,social,2022-01-01,3.8963977158429843,3.915969532751902,3.472666863448588,94029.02932185236,24011.68562099985,0.00908283768271713,0.9310824623288941,0.0020150780728370827,0.8132241555287752
Snacks,NutHouse,social,2022-02-01,4.433427690509088,4.343730984630936,2.9019633761258197,100652.87027146498,23171.98524208721,0.00987994838051561,0.8766309250591007,0.0022852610155687032,0.7925102468321514
Snacks,NutHouse,social,2022-03-01,3.701566023021868,3.71262746632303,2.2845348690284952,110457.46652856484,29751.831426803896,0.009804623416770958,0.9865646923369,0.0021921305249517882,0.8302843516820676
Snacks,NutHouse,social,2022-04-01,3.7872099177418623,3.6809493089859484,,110178.74054801183,29932.15371889068,0.010977518596896508,0.9327854940599795,0.002319980122176392,0.7941573827174964
Snacks,NutHouse,social,2022-05-01,3.99489266011972,3.798527034571818,3.753107440674378,127656.49909327681,33606.84231846376,0.010385705716742969,1.0077920748032434,0.002448592615790079,0.810277114529522
Snacks,NutHouse,social,2022-06-01,3.584160988564643,3.411005129418416,2.721099352238151,107719.39366077943,31579.956515382266,0.011046889262293025,0.9413926106058029,0.0021889938943350684,0.7625409468750214
Snacks,NutHouse,social,2022-07-01,3.1010956302107378,3.0684464279891195,3.1043342348785474,103735.25170346293,33807.092330904714,0.011933815456875201,0.9266786999316023,0.0020881399098758094,0.7703716561223136
Snacks,NutHouse,social,2022-08-01,3.1167365417683435,3.256529496461148,,81273.21680007361,24957.003118931596,0.010852852390762476,0.9275282684406139,,0.6966841060044716
Snacks,NutHouse,social,2022-09-01,3.489778480825666,3.5013582637744176,3.795007473262703,74354.2542239931,21235.8315323723,0.010565267793084443,0.8134152347022753,0.0018410197625245458,0.6835881780901524
Snacks,NutHouse,social,2022-10-01,3.5938622447784296,3.592462396270402,4.734409473362151,92750.16894049151,25817.992983526354,0.010745489832327192,0.8839659322602922,0.0020073380259810923,
Snacks,NutHouse,social,2022-11-01,3.748795037866281,3.8126017911429977,5.481437221408447,123819.91794919425,32476.48842762404,0.010076400606421695,0.8408370036149555,0.00200645352669096,0.6935456547659973
Snacks,NutHouse,social,2022-12-01,3.727664669008305,3.66940672002363,3.6303441005575525,168776.77904780264,45995.65867877295,0.010353057270960576,0.8868000593589941,0.0020372997241426367,0.7257172209951852
Snacks,NutHouse,social,2023-01-01,3.9081316696316035,3.944906117373297,,95635.80262151087,24242.858961923703,0.010220393022486974,0.8582454406458634,0.002120934437235677,0.7603057640025553
Snacks,NutHouse,social,2023-02-01,3.3370121367074215,3.3903394921992676,2.867455185566335,81568.3384265415,24059.04736508532,0.01012144790699263,0.9112240035255584,0.0018707168711316674,0.7426342451784752
Snacks,NutHouse,social,2023-03-01,4.180538188131486,4.173266359090865,,99046.09697180647,23733.471206803915,0.010242657441221567,0.8105693718170736,0.0021048421814182992,0.7178094650103295
Snacks,NutHouse,social,2023-04-01,3.4901123654748383,3.576870559900131,,93520.764298491,26145.97389878771,0.0103355320111085,0.8828625324594871,,0.7157855820573044
Snacks,NutHouse,social,2023-05-01,3.5592124411581834,3.6254195503881608,,95127.5375981495,26239.0424821217,0.01045434313156367,0.9081767438087256,0.0021265658031751986,0.7004474143805838
Snacks,NutHouse,social,2023-06-01,3.908992619157635,3.8589804930653466,3.199567866019021,98570.62324027487,25543.17737998623,0.010050286356862913,0.914346269329404,0.0021870934500569385,0.7151385625756604
Snacks,NutHouse,social,2023-07-01,4.255389350908241,4.199797205249623,,109867.22327562906,26160.12581233643,0.009815196424346967,0.9151696978253081,0.002321090936221705,0.7304866556916244
Snacks,NutHouse,social,2023-08-01,3.9857180516590356,3.8433495457137012,2.7509548323801503,116917.35101902863,30420.691542204586,0.009937881609724253,0.9341816589548148,0.002221973676135414,0.7288226554102417
Snacks,NutHouse,social,2023-09-01,3.521182957224583,3.353757578956311,2.2353330268984157,108752.31935341704,32427.00666136422,0.01006421520791479,0.942700350641439,0.001902793695003394,0.7842271459688145
Snacks,NutHouse,social,2023-10-01,3.5131152177377376,3.402119230989059,2.7241837120811563,108309.6369137152,31835.932123468698,0.009897652013880338,0.9644037479467056,0.001970521669973724,0.7519627424694482
Snacks,NutHouse,social,2023-11-01,3.378720957625553,3.4906539725340293,3.8539713709852155,149003.6300744541,42686.451091078896,0.010270721600844359,0.9260337359223988,0.0020326633963164455,0.7911983003222905
Snacks,NutHouse,social,2023-12-01,3.6975860110635423,3.8760902105892487,2.8440123180274934,148183.84777870995,38230.237101778606,0.009163651911647143,0.8832009680214989,0.0019172125534209444,0.747314278709325
Snacks,NutHouse,social,2024-01-01,3.6243034675472607,3.6702985737702636,4.30811236080428,91832.01276925807,25020.31126991527,0.009128269549148811,0.980650281018863,0.00199129701487364,0.7505647746844288
Snacks,NutHouse,social,2024-02-01,3.369552654238171,3.5227510453779387,2.676167930792463,81814.27311526475,23224.540156651146,0.00938957010588282,0.9519034411284182,0.0019752821692585005,0.7843474866389059
Snacks,NutHouse,social,2024-03-01,3.5274634309706068,3.6581141846141074,2.5260048704029554,100177.39653993338,27384.983487195615,0.009195829296592378,0.9081407225069015,0.0018409854160765444,0.8048302334928045
Snacks,NutHouse,social,2024-04-01,3.3924676392973914,3.445872719912297,3.057201322119844,110506.6534663095,32069.278945718594,0.01063818193060672,0.8951148280826916,0.002007873222369099,0.773887290817998
Snacks,NutHouse,social,2024-05-01,3.708913498836871,3.624005113920813,3.5424559520122263,107112.75476192877,29556.45795048104,0.010559555632457826,0.8310312644233548,0.001960476751525548,0.7815936553018615
Snacks,NutHouse,social,2024-06-01,3.4479696929705494,3.4406760882381127,3.0184696793904964,103702.46041163316,30140.14041197836,0.010608091654348832,0.8615653435090861,0.001949524833512282,0.7827838285534601
Snacks,NutHouse,social,2024-07-01,3.529680098367466,3.5772299568723342,3.1041012748838215,95012.76807674533,26560.430618728653,0.010223166140653425,0.866543689234565,0.0019353141464664109,0.7561434575022977
Snacks,NutHouse,social,2024-08-01,3.6474442554113873,3.6836757832213345,4.282549245220663,109096.62791762958,29616.240499381234,0.01026793632671877,0.9310648086824872,0.002140358353356396,0.7717966505515307
Snacks,NutHouse,social,2024-09-01,3.934480713976367,3.9281684675546797,3.3895163473659733,112047.84418230846,28524.195208984824,0.00954014364091837,0.9243994947332801,0.0021125663642632825,0.8175263598885273
Snacks,NutHouse,social,2024-10-01,4.014928256075441,4.024877859670368,3.0480759180032826,132837.52320237976,33004.11287841141,0.009726770457093097,0.8952938606339901,0.0021096466203059995,0.8075811139937011
Snacks,NutHouse,social,2024-11-01,4.379990927223812,4.284387266199871,2.8329844851255173,170203.20024239746,39726.380849171655,0.009363964212236741,0.845854040139072,0.0020421622987427525,0.8038165698284325
Snacks,NutHouse,social,2024-12-01,4.250634405224138,4.266482349365305,4.627543612643164,170055.6394291635,39858.51235373364,0.009544364485579654,0.8290384864955622,0.0021123122779757287,0.8043873103863194
Snacks,NutHouse,social,2025-01-01,5.345091375574265,5.343354824965172,4.162740342326842,109145.81485537422,20426.458363839916,0.008221311646999586,0.8629682451981375,0.002269772759354687,0.7439149629542512
Snacks,NutHouse,social,2025-02-01,5.798975025739198,5.739506755275519,,105325.62935720655,18350.989701405186,0.00826489431956708,0.7852034444998154,0.0022836038274617384,0.7594063761815056
Snacks,NutHouse,social,2025-03-01,4.489892644760768,4.500647967237776,4.781758460400016,127525.33392595775,28334.883077786028,0.009928784382755476,0.8420220224595414,0.0022975162824723054,0.7273477615922954
Snacks,NutHouse,social,2025-04-01,4.332149981127809,4.257262995537002,,123934.68747059844,29111.353374344584,0.010610543206884876,0.8305901273743783,0.0022963836700849016,0.7186853535707963
Snacks,NutHouse,social,2025-05-01,3.6936855170378444,3.6397096249806844,3.2731708846798253,131919.3670311463,36244.475692713095,0.011362029415183673,0.8137145995400542,0.00204497062080064,0.7915452203799287
Snacks,NutHouse,social,2025-06-01,3.123112063817902,3.039159990789656,2.546950036438529,122131.16641996133,40185.82989710534,0.011893835174807075,0.9086882664866438,0.0019451684976692309,0.7700152687164223
Snacks,NutHouse,social,2025-07-01,2.9950050130329027,2.929442821016936,2.523204035559342,112638.08743524425,38450.34510560705,0.011788497042983794,0.936922076697947,0.0019649884919630185,0.7421325912661025
Snacks,NutHouse,social,2025-08-01,3.1539478552484184,3.082650582462807,,108211.26303822591,35103.31779211033,0.011009588709034629,0.9161768965708033,0.0019121410564093353,0.7779959645097411
Snacks,NutHouse,social,2025-09-01,3.2504559503481887,3.248453990046625,2.531187062866122,87536.35353955881,26947.081229339623,0.010134540968952615,0.8969504120540432,0.001835052424579707,0.7414014367436429
Snacks,NutHouse,social,2025-10-01,2.9372838729641395,2.9789286015114502,2.358011956230023,82978.36397522141,27855.10331906572,0.010943906413299882,0.8374452323692418,0.0016830273221054436,0.7318838524863124
Snacks,NutHouse,social,2025-11-01,3.0739766846488834,3.0171724562249813,3.1298648008538,118556.9156105169,39294.04677081424,0.010787118060419676,0.8472744414432637,0.0016505433575792069,0.7740858871421579
Snacks,NutHouse,social,2025-12-01,2.7196476079001526,2.648854541008003,2.211092332781376,144429.2448642018,54525.17026821725,0.012218242007889043,0.8966038555607724,0.0017669784503325321,0.767110344570352
Snacks,NutHouse,tv,2022-01-01,3.7913332169371996,3.8014572974760075,2.9387930311858907,38267.43756533625,10066.517803775954,0.001608971088567005,2.621489011399988,0.0009891812778276888,0.6639973682625417
Snacks,NutHouse,tv,2022-02-01,3.124750349429174,3.20235146439173,2.4775188809053548,35972.04713725267,11233.010347939862,0.0016436413490077374,2.7742678063570914,0.0008913092506973425,0.7130178194941266
Snacks,NutHouse,tv,2022-03-01,4.005218936174313,3.947133774907243,4.085256897616963,43841.957176396376,11107.289409623989,0.0016458026388085616,2.5169475208755925,0.0010022301654637063,0.7148580216484887
Snacks,NutHouse,tv,2022-04-01,3.4920294795097395,3.3483031276771205,4.343647299268622,39497.11100895246,11796.15748719666,0.0016212064152139312,2.7136318120995306,0.00091353563975332,0.693154584676473
Snacks,NutHouse,tv,2022-05-01,3.846261438485711,3.7200971484522505,,47514.5818613301,12772.403505940318,0.001613010974921038,2.724488802461672,0.0009751443990865474,0.6924936666191661
Snacks,NutHouse,tv,2022-06-01,3.4981411476290964,3.3694180726456198,,45120.817557757226,13391.279023540405,0.0017708803718295633,2.5807051500366938,0.000943858573748525,0.6824275475208752
Snacks,NutHouse,tv,2022-07-01,3.1423745266040526,3.014764061943959,,44284.63961609821,14689.25551259985,0.0016935951145909515,2.821601135727977,0.0008867372013426707,0.7250703790742632
Snacks,NutHouse,tv,2022-08-01,3.7273320047989125,3.5185604035653184,2.7883897390963113,46662.008273756204,13261.6760611738,0.0017658785376326058,2.54249924485694,0.0009546667880952968,0.7122907812475643
Snacks,NutHouse,tv,2022-09-01,3.310596906408118,3.1375132502840635,3.1836388414928516,45383.147892395355,14464.687244997758,0.001786379571160981,2.8423437305949615,0.000962720379304669,0.713550080033999
Snacks,NutHouse,tv,2022-10-01,3.6254331577533256,3.6052827099575793,3.2445353148602023,52105.362717497264,14452.503980779458,0.001619698678522895,2.8916574591395476,0.0010419029608901267,0.7255598683321597
Snacks,NutHouse,tv,2022-11-01,3.3751853623019312,3.2161389485589282,1.9560840205030567,66222.01385021128,20590.53259495636,0.001712877781230776,2.7949684532314865,0.0009605045062866366,0.6982032426171723
Snacks,NutHouse,tv,2022-12-01,3.8891715493836365,3.6813969657619685,3.927193655763311,78240.02230582031,21252.807842640883,0.0015701837275524494,2.7174028695359778,0.0009397927911908214,0.7054188831490815
Snacks,NutHouse,tv,2023-01-01,2.7430880146007732,2.676002654600154,2.8905084938116556,56466.604530856064,21101.10183702088,0.0024629975847066015,3.0165978323117772,0.0011985872688437965,0.7122684911034904
Snacks,NutHouse,tv,2023-02-01,2.7985984604003034,2.818833205537251,3.3602327595173413,43809.16588456661,15541.595649756393,0.002275055296337536,2.723251384222252,0.0010475489173457705,0.667807560766812
Snacks,NutHouse,tv,2023-03-01,4.019687252152508,3.992368344899186,3.1106961255297816,29282.623603980526,7334.649780347349,0.0022920379161361303,2.3829271541089505,0.0013248086395711812,0.3042920711432499
Snacks,NutHouse,tv,2023-04-01,5.057951546423427,5.067559493225493,4.783331931053446,30659.857860830674,6050.221591244848,0.002038466526703812,2.298716410047435,0.0014699233997985,0.30509843894725114
Snacks,NutHouse,tv,2023-05-01,5.185379773000075,5.152963195414025,3.544094782789611,32709.313600191013,6347.670720664427,0.00208748437303752,2.1215477007568273,0.0014071336039108268,0.3411619212728651
Snacks,NutHouse,tv,2023-06-01,3.8816077729980445,3.801631823146974,3.3123578226518795,33414.32637453097,8789.469346053278,0.002086600662611262,2.5098427601522784,0.001214286193901199,0.413374891972936
Snacks,NutHouse,tv,2023-07-01,4.234786913760621,4.231568942761564,3.9058813378556847,24134.390786707354,5703.414292231053,0.0018010025889495906,2.3016199726517566,0.0010928550647080393,0.3186153119914315
Snacks,NutHouse,tv,2023-08-01,5.228510309797943,5.3623038411323085,4.140755000970091,27315.146094194602,5093.919871654776,0.002046969719734885,2.2390856578702314,0.0014499341507257589,0.2579377880176437
Snacks,NutHouse,tv,2023-09-01,5.3743781020678645,5.414565502316206,5.228206358840766,18510.684237902584,3418.6832221318973,0.0022099724909985814,2.0121737622906988,0.0014247812376021757,0.18728379672125023
Snacks,NutHouse,tv,2023-10-01,4.5837787052238586,4.662977274726923,4.328054123106037,30233.571067043726,6483.748319106764,0.002475883650798999,2.215151458526397,0.0015707859660724925,0.27642619321269796
Snacks,NutHouse,tv,2023-11-01,5.975669763325513,6.022095675362277,4.89891569760438,36988.5771839754,6142.143728354206,0.0020063388236132656,2.0026552749769175,0.0014953181205344913,0.27037634726945264
Snacks,NutHouse,tv,2023-12-01,4.475019003271314,4.6403847351531855,5.435315066879743,40021.7716782287,8624.666695208307,0.0023274394436876658,2.1534748302642464,0.0013981690202032675,0.2735263158057609
Snacks,NutHouse,tv,2024-01-01,3.0605722324193176,3.1516966250209477,2.5458374210962065,41989.249188014626,13322.744598787502,0.0018254002579845485,2.8107056115585447,,0.728634014617295
Snacks,NutHouse,tv,2024-02-01,2.785062113658318,2.7920249543705404,,47088.29506754316,16865.284457373044,0.00186527771550694,3.222255341492748,0.0010211904995997274,0.7936759290262257
Snacks,NutHouse,tv,2024-03-01,2.982406127328032,2.946479483440924,1.8611531617962034,51121.6239626043,17350.069549068787,0.0018028068756193198,2.938697416847694,0.0009653844850769531,0.7787226219155089
Snacks,NutHouse,tv,2024-04-01,3.6612137429153697,3.6983731742584975,3.5651259290924067,61778.79380727807,16704.31589685764,0.0015821692406524362,2.9596590887416085,0.0010192505773369389,0.7828275505260422
Snacks,NutHouse,tv,2024-05-01,2.9729036330491527,3.0748821024636834,,50695.33716881735,16486.92062963936,0.0017048431349783709,3.167515971112269,0.0009960065068168739,0.7470286636846364
Snacks,NutHouse,tv,2024-06-01,3.276943050332808,3.3479116459608242,,46252.117125884135,13815.214383475804,0.0016541796705629786,3.0118191374483985,0.00101868895478923,0.7054130029404785
Snacks,NutHouse,tv,2024-07-01,3.6421123663652897,3.6457149708871883,2.4300877215003376,51301.97606766801,14071.855994596204,0.0017378946755227183,2.9026105599414613,0.0011127186392997205,0.6965153924496813
Snacks,NutHouse,tv,2024-08-01,3.4154095567853795,3.38630467546972,3.1481137949119837,53958.070705879014,15934.204354602085,0.0017120927306426006,3.0166990447940334,0.0010759032378756025,0.7181851046865153
Snacks,NutHouse,tv,2024-09-01,3.224943317021764,3.244702131042897,1.801426502016419,56728.934865494186,17483.55706453111,0.0017433674323942905,3.18868449106896,0.0011206214111321455,0.7241080588267839
Snacks,NutHouse,tv,2024-10-01,3.410573219254953,3.400943128053149,,59565.3816087689,17514.37156282786,0.00165715489372414,2.8816011126732244,0.000978582233137795,0.7278623072519764
Snacks,NutHouse,tv,2024-11-01,3.18429295604863,3.0733710731904784,2.4899569675292703,73829.59355471686,24022.349334496103,0.001773531098587348,2.84389124357714,0.0009696488043768316,0.7137817418580399
Snacks,NutHouse,tv,2024-12-01,3.3269642514930347,3.2359177475110004,2.971624744945056,78977.82637199003,24406.62357154724,0.001633285772054138,2.973878831673844,0.000995267125260031,0.7003638304057481
Snacks,NutHouse,tv,2025-01-01,3.368573139075231,3.433619644742136,,49301.70726605232,14358.523181665589,0.0019032750897543258,2.852875656996938,0.001131526402842041,0.6968302708078055
Snacks,NutHouse,tv,2025-02-01,2.5477342758597166,2.5674549906454938,1.8153053842064044,45415.93918422511,17689.088747299487,0.002077966666806237,3.0871010030191077,0.0009750754516966274,0.7187245621721061
Snacks,NutHouse,tv,2025-03-01,2.574578854514994,2.471740814620805,1.9660796024613678,54007.257643623656,21849.887061038404,0.002127862075341901,3.0852706948656317,0.0009909769514078698,0.7360656183909361
Snacks,NutHouse,tv,2025-04-01,2.757571261432196,2.763945991398921,,57155.22165928114,20678.848948981475,0.0021227251567394498,3.0749217768002195,0.001099294572374451,0.6979304623432976
Snacks,NutHouse,tv,2025-05-01,2.845729464344156,2.8480691193276315,2.762048982894026,65303.857678977845,22929.16883084449,0.0019763519175740305,3.0426179446449697,0.0010282582124384254,0.7204526404490433
Snacks,NutHouse,tv,2025-06-01,2.9420962600166383,2.9589443959803736,2.709429640174914,57729.06926630204,19510.021663375977,0.0020127871329795955,2.8059861445959986,0.0010181869295859,0.6972922786855823
Snacks,NutHouse,tv,2025-07-01,3.3742176610229406,3.3793378216572267,2.3961316979940306,60106.43792396003,17786.454357642127,0.0019036692692199655,2.696551600612815,0.001046001258420308,0.7121887451081998
Snacks,NutHouse,tv,2025-08-01,3.6274280288336644,3.614979029872697,4.482262929566288,60975.40715744881,16867.430392700255,0.0016794739219779349,2.946276051126682,0.0010547909257053764,
Snacks,NutHouse,tv,2025-09-01,3.3967324921010857,3.3034833065849116,2.96133491159164,66681.091935828,20185.085180515667,0.00185522245267853,3.0267034308765433,0.001147656266265206,0.7460153669373167
Snacks,NutHouse,tv,2025-10-01,3.1526281146031314,3.0899612642686924,2.324470162477342,62139.49801740549,20110.122005724294,0.0019300857279069608,3.1159160219591406,0.001137521823945201,0.7201314003736526
Snacks,NutHouse,tv,2025-11-01,4.161549926540048,3.992654610406917,3.71917334802122,82961.96832930653,20778.64890017405,0.0018567323122226633,2.633208579416303,0.0011864146626379198,0.7192683207844014
Snacks,NutHouse,tv,2025-12-01,3.8471169630415005,3.7539672793668397,3.341348613676503,92209.11262530037,24563.110374487005,0.0016834957516527879,2.9611947407458716,0.0011117028173214375,0.7301559165387748
